prompt,most_similar_concept,similarity_score,is_historical,detection_method,cluster,prompt_preview
Napoleon Dynamite,napoleon,0.657998263835907,True,embedding,0.0,Napoleon Dynamite
Napoleon Dynamite,napoleon,0.657998263835907,True,embedding,0.0,Napoleon Dynamite
"hyperdetailed portrait of handsome manly god king napoleon bonaparte, digital painting, artstation hq, sharp focus illustration, gold laurel leaf crown, artstation intricate, elegant. wlop, artgerm, greg rutkowski, alphonse mucha, medium shot. dan mumford, tomokazu matsuyama, takato 4 yamamoto",Bonaparte,0.6496428847312927,True,embedding,0.0,"hyperdetailed portrait of handsome manly god king napoleon bonaparte, digital painting, artstation h..."
"hyperdetailed portrait of handsome manly god king napoleon bonaparte, wearing crown of gold laurel leafs, digital painting, artstation hq, sharp focus illustration, artstation intricate, elegant. wlop, artgerm, greg rutkowski, alphonse mucha, medium shot. dan mumford, tomokazu matsuyama, takato 4 yamamoto",Bonaparte,0.643456220626831,True,embedding,0.0,"hyperdetailed portrait of handsome manly god king napoleon bonaparte, wearing crown of gold laurel l..."
"portrait of napoleon bonaparte, royalty, extravagant, lord, full body, military uniform, fantasy, intricate, elegant, beautiful, highly detailed, charcoal, centered, dark, smokey, digital painting, artstation, concept art, art by artgerm and greg rutkowski and alphonse mucha",Bonaparte,0.6433281898498535,True,embedding,0.0,"portrait of napoleon bonaparte, royalty, extravagant, lord, full body, military uniform, fantasy, in..."
"portrait of emperor napoleon wearing a traditional nineteenth century french empire military uniform, metal shoulder pauldrons, intricate, highly detailed, digital painting, artstation, concept art, sharp focus, cinematic lighting, illustration, art by artgerm and greg rutkowski, alphonse mucha, cgsociety",napoleon,0.6361842155456543,True,embedding,0.0,portrait of emperor napoleon wearing a traditional nineteenth century french empire military uniform...
"portrait of divine emperor napoleon bonaparte, handsome, tall, dieselpunk steampunk napoleonic french baroque, metal shoulder pauldrons, intricate, highly detailed, digital painting, artstation, concept art, sharp focus, cinematic lighting, illustration, art by artgerm and greg rutkowski, alphonse mucha, cgsociety",napoleon,0.6359322667121887,True,embedding,0.0,"portrait of divine emperor napoleon bonaparte, handsome, tall, dieselpunk steampunk napoleonic frenc..."
"portrait of divine emperor napoleon bonaparte, handsome, tall, dieselpunk steampunk napoleonic french baroque, metal shoulder pauldrons, intricate, highly detailed, digital painting, artstation, concept art, sharp focus, cinematic lighting, illustration, art by artgerm and greg rutkowski, alphonse mucha, cgsociety",napoleon,0.635932207107544,True,embedding,0.0,"portrait of divine emperor napoleon bonaparte, handsome, tall, dieselpunk steampunk napoleonic frenc..."
"portrait of napoleon bonaparte emperor of france age 8 5, detailed realism face in painting, detailed beautiful portrait, oil painting masterpiece, 8 k resolution, smooth, sharp focus, trending on artstation, by rembrandt",Bonaparte,0.6243317127227783,True,embedding,0.0,"portrait of napoleon bonaparte emperor of france age 8 5, detailed realism face in painting, detaile..."
"portrait of napoleon bonaparte emperor of france age 8 5, detailed realism face in painting, detailed beautiful portrait, oil painting masterpiece, 8 k resolution, smooth, sharp focus, trending on artstation, by rembrandt",Bonaparte,0.6243317127227783,True,embedding,0.0,"portrait of napoleon bonaparte emperor of france age 8 5, detailed realism face in painting, detaile..."
"portrait of napoleon bonaparte emperor of france age 8 5, detailed realism face in painting, detailed beautiful portrait, oil painting masterpiece, 8 k resolution, smooth, sharp focus, trending on artstation, by rembrandt",Bonaparte,0.6243317127227783,True,embedding,0.0,"portrait of napoleon bonaparte emperor of france age 8 5, detailed realism face in painting, detaile..."
"Portrait of Emmanuel Macron as emperor napoleon, amazing splashscreen artwork, splash art, head slightly tilted, natural light, elegant, intricate, fantasy, atmospheric lighting, cinematic, matte painting, by Greg rutkowski",napoleon,0.6218907237052917,True,embedding,0.0,"Portrait of Emmanuel Macron as emperor napoleon, amazing splashscreen artwork, splash art, head slig..."
Emperor Napoleon. Zdzisław Beksiński,napoleon,0.6173708438873291,True,embedding,0.0,Emperor Napoleon. Zdzisław Beksiński
"napoleonic wars motorcycle charge, epic, battle, jacque louis - david, french, russian, machine gun, neoclassical, highly detailed, 4 k",napoleonic,0.615870475769043,True,embedding,0.0,"napoleonic wars motorcycle charge, epic, battle, jacque louis - david, french, russian, machine gun,..."
"a painting of napoleonic warfare, in the style of hieronymus bosch.",napoleonic,0.6143915057182312,True,embedding,0.0,"a painting of napoleonic warfare, in the style of hieronymus bosch."
"photography of napoleon making love with a women in paris, deep focus, intricate, elegant, highly detailed, digital painting, artstation, concept art, matte, sharp focus, illustration, art by artgerm and greg rutkowski and alphonse mucha",napoleon,0.6138983964920044,True,embedding,0.0,"photography of napoleon making love with a women in paris, deep focus, intricate, elegant, highly de..."
"photography of napoleon making love with a women in paris, deep focus, intricate, elegant, highly detailed, digital painting, artstation, concept art, matte, sharp focus, illustration, art by artgerm and greg rutkowski and alphonse mucha",napoleon,0.6138983964920044,True,embedding,0.0,"photography of napoleon making love with a women in paris, deep focus, intricate, elegant, highly de..."
"portrait of divine emperor napoleon bonaparte, handsome, fighter pilot, glass visor, oxygen nose canula, dieselpunk steampunk napoleonic french baroque, metal shoulder pauldrons, intricate, highly detailed, digital painting, artstation, concept art, sharp focus, cinematic lighting, illustration, art by artgerm and greg rutkowski, alphonse mucha, cgsociety",napoleonic,0.611985445022583,True,embedding,0.0,"portrait of divine emperor napoleon bonaparte, handsome, fighter pilot, glass visor, oxygen nose can..."
"portrait of divine emperor napoleon bonaparte, handsome, fighter pilot, glass visor, oxygen nose canula, dieselpunk steampunk napoleonic french baroque, metal shoulder pauldrons, intricate, highly detailed, digital painting, artstation, concept art, sharp focus, cinematic lighting, illustration, art by artgerm and greg rutkowski, alphonse mucha, cgsociety",napoleonic,0.611985445022583,True,embedding,0.0,"portrait of divine emperor napoleon bonaparte, handsome, fighter pilot, glass visor, oxygen nose can..."
"portrait of divine emperor napoleon bonaparte, handsome, fighter pilot, glass visor, oxygen nose canula, dieselpunk steampunk napoleonic french baroque, metal shoulder pauldrons, intricate, highly detailed, digital painting, artstation, concept art, sharp focus, cinematic lighting, illustration, art by artgerm and greg rutkowski, alphonse mucha, cgsociety",napoleonic,0.611985445022583,True,embedding,0.0,"portrait of divine emperor napoleon bonaparte, handsome, fighter pilot, glass visor, oxygen nose can..."
"napoleonic wars motorcycle charge, epic, battle, jacque louis - david, french, russian, sabres, neoclassical, highly detailed, 4 k",napoleonic,0.6117761135101318,True,embedding,0.0,"napoleonic wars motorcycle charge, epic, battle, jacque louis - david, french, russian, sabres, neoc..."
"portrait of divine emperor napoleon bonaparte, handsome, jet pilot, glass visor, oxygen cannula, dieselpunk steampunk napoleonic french baroque, metal shoulder pauldrons, intricate, highly detailed, digital painting, artstation, concept art, sharp focus, cinematic lighting, illustration, art by artgerm and greg rutkowski, alphonse mucha, cgsociety",napoleonic,0.6101337671279907,True,embedding,0.0,"portrait of divine emperor napoleon bonaparte, handsome, jet pilot, glass visor, oxygen cannula, die..."
"portrait of divine emperor napoleon bonaparte, handsome, jet pilot, glass visor, oxygen cannula, dieselpunk steampunk napoleonic french baroque, metal shoulder pauldrons, intricate, highly detailed, digital painting, artstation, concept art, sharp focus, cinematic lighting, illustration, art by artgerm and greg rutkowski, alphonse mucha, cgsociety",napoleonic,0.6101337671279907,True,embedding,0.0,"portrait of divine emperor napoleon bonaparte, handsome, jet pilot, glass visor, oxygen cannula, die..."
"portrait of divine emperor napoleon bonaparte, handsome, jet pilot, glass visor, oxygen cannula, dieselpunk steampunk napoleonic french baroque, metal shoulder pauldrons, intricate, highly detailed, digital painting, artstation, concept art, sharp focus, cinematic lighting, illustration, art by artgerm and greg rutkowski, alphonse mucha, cgsociety",napoleonic,0.6101337671279907,True,embedding,0.0,"portrait of divine emperor napoleon bonaparte, handsome, jet pilot, glass visor, oxygen cannula, die..."
"Portrait of Cristiano Ronaldo as Emperor Napoleon, stunning screensaver, screensaver, head slightly tilted, natural light, elegant, intricate, fantasy, atmospheric lighting, cinematic, matte painting, Greg Rutkowski",napoleon,0.6043074131011963,True,embedding,0.0,"Portrait of Cristiano Ronaldo as Emperor Napoleon, stunning screensaver, screensaver, head slightly ..."
"Portrait of Cristiano Ronaldo as Emperor Napoleon, stunning screensaver, screensaver, head slightly tilted, natural light, elegant, intricate, fantasy, atmospheric lighting, cinematic, matte painting, Greg Rutkowski",napoleon,0.6043074131011963,True,embedding,0.0,"Portrait of Cristiano Ronaldo as Emperor Napoleon, stunning screensaver, screensaver, head slightly ..."
"portrait of divine emperor napoleon bonaparte as maverick in top gun, handsome, jet pilot, visor, dieselpunk steampunk napoleonic french baroque, metal shoulder pauldrons, intricate, highly detailed, digital painting, artstation, concept art, sharp focus, cinematic lighting, illustration, art by artgerm and greg rutkowski, alphonse mucha, cgsociety ",napoleon,0.6039204597473145,True,embedding,0.0,"portrait of divine emperor napoleon bonaparte as maverick in top gun, handsome, jet pilot, visor, di..."
napoleon Bonaparte having tea in a french cafe with steve martin,napoleon,0.6036360859870911,True,embedding,0.0,napoleon Bonaparte having tea in a french cafe with steve martin
"grandiose epic portrait of napoleon bonaparte, french emperor, detailed painting by francois gerard and jacques louis david",Bonaparte,0.6034034490585327,True,embedding,0.0,"grandiose epic portrait of napoleon bonaparte, french emperor, detailed painting by francois gerard ..."
"grandiose epic portrait of napoleon bonaparte, french emperor, detailed painting by francois gerard and jacques louis david",Bonaparte,0.6034034490585327,True,embedding,0.0,"grandiose epic portrait of napoleon bonaparte, french emperor, detailed painting by francois gerard ..."
"a dramatic epic ethereal portrait of Napoleon in French revolutionary wars, 18th century, full body with dynamic pose, male, detailed face, cinematic lighting, highly detailed oil on canvas painting by Greg Rutkowski, winning-award digital art trending on Artstation H 1024 W 832",napoleon,0.6024951934814453,True,embedding,0.0,"a dramatic epic ethereal portrait of Napoleon in French revolutionary wars, 18th century, full body ..."
"portrait of rowan atkinson!!!!!!!!!!!!!!!!!!!!!!!!!!! as napoleon!!!!!, intricate, detailed face, elegant, highly detailed, digital painting, artstation, smooth, sharp focus, illustration, art by artgerm and greg rutkowski and alphonse mucha",napoleon,0.6014646291732788,True,embedding,0.0,"portrait of rowan atkinson!!!!!!!!!!!!!!!!!!!!!!!!!!! as napoleon!!!!!, intricate, detailed face, el..."
"Portrait of a napoleonic admiral, male, detailed face, napoleonic, highly detailed, cinematic lighting, digital art painting by greg rutkowski",napoleonic,0.601004421710968,True,embedding,0.0,"Portrait of a napoleonic admiral, male, detailed face, napoleonic, highly detailed, cinematic lighti..."
"napoleon bonapart wearing a hat and ceremonial uniform in a haughty pose, head pointing up diagonally, gta san andreas style, author marry white, pixel art, colors accent, symmetric, game screenshot",napoleon,0.5995209217071533,True,embedding,0.0,"napoleon bonapart wearing a hat and ceremonial uniform in a haughty pose, head pointing up diagonall..."
"napoleon wearing big steampunk googles, photo by gustave baumann",napoleon,0.5985561609268188,True,embedding,0.0,"napoleon wearing big steampunk googles, photo by gustave baumann"
"napoleon as a buzz lightyear soldier,",napoleon,0.5968303680419922,True,embedding,0.0,"napoleon as a buzz lightyear soldier,"
"napoleon as a buzz lightyear soldier,",napoleon,0.5968303680419922,True,embedding,0.0,"napoleon as a buzz lightyear soldier,"
"a potrait of napoleon, in the style of Hieronymus Bosch.",napoleon,0.5947329998016357,True,embedding,0.0,"a potrait of napoleon, in the style of Hieronymus Bosch."
"a realistic yet scraggly portrait sketch of the side profile of a stern and sophisticated napoleon dynamite, trending on artstation, intricate details, in the style of frank auerbach, in the style of sergio aragones, in the style of martin ansin, in the style of david aja, in the style of mattias adolfsson",napoleon,0.5944226980209351,True,embedding,0.0,a realistic yet scraggly portrait sketch of the side profile of a stern and sophisticated napoleon d...
eminem as french emperor napoleon,napoleon,0.5943467617034912,True,embedding,0.0,eminem as french emperor napoleon
eminem as french emperor napoleon,napoleon,0.5943467617034912,True,embedding,0.0,eminem as french emperor napoleon
pig faced soldiers napoleonic,napoleonic,0.5943329334259033,True,embedding,0.0,pig faced soldiers napoleonic
"grandiose epic portrait of napoleon bonaparte, french emperor, detailed painting, modern arstation style, 4 k, greg rutkowski, magalie villeneuve",Bonaparte,0.5917466878890991,True,embedding,0.0,"grandiose epic portrait of napoleon bonaparte, french emperor, detailed painting, modern arstation s..."
"grandiose epic portrait of napoleon bonaparte, french emperor, detailed painting, modern arstation style, 4 k, greg rutkowski, magalie villeneuve",Bonaparte,0.5917466878890991,True,embedding,0.0,"grandiose epic portrait of napoleon bonaparte, french emperor, detailed painting, modern arstation s..."
"napoleon leading his army to victory, heroic, glorious, in the style of artgerm, gerald brom, atey ghailan and mike mignola, vibrant colors and hard shadows and strong rim light, plain background, comic cover art, trending on artstation",napoleon,0.591404378414154,True,embedding,0.0,"napoleon leading his army to victory, heroic, glorious, in the style of artgerm, gerald brom, atey g..."
"napoleon leading his army to victory, heroic, glorious, in the style of artgerm, gerald brom, atey ghailan and mike mignola, vibrant colors and hard shadows and strong rim light, plain background, comic cover art, trending on artstation",napoleon,0.591404378414154,True,embedding,0.0,"napoleon leading his army to victory, heroic, glorious, in the style of artgerm, gerald brom, atey g..."
"grandiose epic portrait of napoleon detailed painting, modern arstation style, 4 k, greg rutkowski, magalie villeneuve",napoleon,0.5906640887260437,True,embedding,0.0,"grandiose epic portrait of napoleon detailed painting, modern arstation style, 4 k, greg rutkowski, ..."
"grandiose epic portrait of napoleon detailed painting, modern arstation style, 4 k, greg rutkowski, magalie villeneuve",napoleon,0.5906640887260437,True,embedding,0.0,"grandiose epic portrait of napoleon detailed painting, modern arstation style, 4 k, greg rutkowski, ..."
"grandiose epic portrait of napoleon detailed painting, modern arstation style, 4 k, greg rutkowski, magalie villeneuve",napoleon,0.5906640887260437,True,embedding,0.0,"grandiose epic portrait of napoleon detailed painting, modern arstation style, 4 k, greg rutkowski, ..."
"grandiose epic portrait of napoleon detailed painting, modern arstation style, 4 k, greg rutkowski, magalie villeneuve",napoleon,0.5906640887260437,True,embedding,0.0,"grandiose epic portrait of napoleon detailed painting, modern arstation style, 4 k, greg rutkowski, ..."
"Portrait of Kanye West as emperor napoleon, amazing splashscreen artwork, splash art, head slightly tilted, natural light, elegant, intricate, fantasy, atmospheric lighting, cinematic, matte painting, by Greg rutkowski",napoleon,0.5903196334838867,True,embedding,0.0,"Portrait of Kanye West as emperor napoleon, amazing splashscreen artwork, splash art, head slightly ..."
"Portrait of Kanye West as emperor napoleon, amazing splashscreen artwork, splash art, head slightly tilted, natural light, elegant, intricate, fantasy, atmospheric lighting, cinematic, matte painting, by Greg rutkowski",napoleon,0.5903196334838867,True,embedding,0.0,"Portrait of Kanye West as emperor napoleon, amazing splashscreen artwork, splash art, head slightly ..."
"Portrait of Kanye West as emperor napoleon, amazing splashscreen artwork, splash art, head slightly tilted, natural light, elegant, intricate, fantasy, atmospheric lighting, cinematic, matte painting, by Greg rutkowski",napoleon,0.5903196334838867,True,embedding,0.0,"Portrait of Kanye West as emperor napoleon, amazing splashscreen artwork, splash art, head slightly ..."
"Portrait of Kanye West as emperor napoleon, amazing splashscreen artwork, splash art, head slightly tilted, natural light, elegant, intricate, fantasy, atmospheric lighting, cinematic, matte painting, by Greg rutkowski",napoleon,0.5903196334838867,True,embedding,0.0,"Portrait of Kanye West as emperor napoleon, amazing splashscreen artwork, splash art, head slightly ..."
"Portrait of Kanye West as emperor napoleon, amazing splashscreen artwork, splash art, head slightly tilted, natural light, elegant, intricate, fantasy, atmospheric lighting, cinematic, matte painting, by Greg rutkowski",napoleon,0.5903196334838867,True,embedding,0.0,"Portrait of Kanye West as emperor napoleon, amazing splashscreen artwork, splash art, head slightly ..."
"Napoleon but 190 cm tall, far away came, Drone Photography,",napoleon,0.589087963104248,True,embedding,0.0,"Napoleon but 190 cm tall, far away came, Drone Photography,"
Napoleon on a giant eagle painted by Jacques-Louis David,napoleon,0.5885136127471924,True,embedding,0.0,Napoleon on a giant eagle painted by Jacques-Louis David
"Poster of Emperor Napoleon standing proudly, by Shepard Fairey",napoleon,0.5866710543632507,True,embedding,0.0,"Poster of Emperor Napoleon standing proudly, by Shepard Fairey"
"Poster of Emperor Napoleon standing proudly, by Shepard Fairey",napoleon,0.5866710543632507,True,embedding,0.0,"Poster of Emperor Napoleon standing proudly, by Shepard Fairey"
"Poster of Emperor Napoleon standing proudly, by Shepard Fairey",napoleon,0.5866710543632507,True,embedding,0.0,"Poster of Emperor Napoleon standing proudly, by Shepard Fairey"
a oil painting of a cat dressed as Napoleon,napoleon,0.5863548517227173,True,embedding,0.0,a oil painting of a cat dressed as Napoleon
"napoleon bonapart wearing a hat and ceremonial uniform in a haughty pose, head pointing up diagonally on gta san andreas screenshot, author marry white, game screenshot",napoleon,0.5863512754440308,True,embedding,0.0,"napoleon bonapart wearing a hat and ceremonial uniform in a haughty pose, head pointing up diagonall..."
napoleon on a waterslide,napoleon,0.5857020616531372,True,embedding,0.0,napoleon on a waterslide
napoleon bonaparte taking a phone selfie in a dirty bathroom mirror,napoleon,0.5844206213951111,True,embedding,0.0,napoleon bonaparte taking a phone selfie in a dirty bathroom mirror
"Napoleon , closeup,, intricate, elegant, highly detailed, digital painting, artstation, concept art, matte, sharp focus, illustration, art by Artgerm and Greg Rutkowski and Alphonse Mucha",napoleon,0.5805804133415222,True,embedding,0.0,"Napoleon , closeup,, intricate, elegant, highly detailed, digital painting, artstation, concept art,..."
"Napoleon , closeup,, intricate, elegant, highly detailed, digital painting, artstation, concept art, matte, sharp focus, illustration, art by Artgerm and Greg Rutkowski and Alphonse Mucha",napoleon,0.5805804133415222,True,embedding,0.0,"Napoleon , closeup,, intricate, elegant, highly detailed, digital painting, artstation, concept art,..."
"Napoleon , closeup,, intricate, elegant, highly detailed, digital painting, artstation, concept art, matte, sharp focus, illustration, art by Artgerm and Greg Rutkowski and Alphonse Mucha",napoleon,0.5805804133415222,True,embedding,0.0,"Napoleon , closeup,, intricate, elegant, highly detailed, digital painting, artstation, concept art,..."
"a portrait of a napoleonic cuirassier with a polished steel cuirass, parade setting, vivid colors, soft lighting, atmospheric, cinematic, moody, in the style of ilya kuvshinov and range murata, krenz cushart, rule of thirds, oil on canvas, 8 k",napoleonic,0.5794976949691772,True,embedding,0.0,"a portrait of a napoleonic cuirassier with a polished steel cuirass, parade setting, vivid colors, s..."
portrait of a llama dressed as napoleon,napoleon,0.5785644054412842,True,embedding,0.0,portrait of a llama dressed as napoleon
napoleon standing on top of a cliff with an army marching next to him.,napoleon,0.5771999359130859,True,embedding,0.0,napoleon standing on top of a cliff with an army marching next to him.
napoleon standing on top of a cliff with an army marching next to him.,napoleon,0.5771999359130859,True,embedding,0.0,napoleon standing on top of a cliff with an army marching next to him.
"a hyperrealistic potrait of napoleon bonaparte, he is staring, highly detailed, thick brush strokes, see able paint layers.",napoleon,0.5750350952148438,True,embedding,0.0,"a hyperrealistic potrait of napoleon bonaparte, he is staring, highly detailed, thick brush strokes,..."
"an epic painting of napoleon riding on a horse, oil on canvas,",napoleon,0.5745524168014526,True,embedding,0.0,"an epic painting of napoleon riding on a horse, oil on canvas,"
"Portrait of Mickey Mouse as Emperor Napoleon, stunning screensaver, screensaver, head slightly tilted, natural light, elegant, complex, fantasy, atmospheric lighting, cinematic, matte painting, Greg Rutkowski",napoleon,0.5742672681808472,True,embedding,0.0,"Portrait of Mickey Mouse as Emperor Napoleon, stunning screensaver, screensaver, head slightly tilte..."
"Portrait of Mickey Mouse as Emperor Napoleon, stunning screensaver, screensaver, head slightly tilted, natural light, elegant, complex, fantasy, atmospheric lighting, cinematic, matte painting, Greg Rutkowski",napoleon,0.5742672681808472,True,embedding,0.0,"Portrait of Mickey Mouse as Emperor Napoleon, stunning screensaver, screensaver, head slightly tilte..."
napoleon bonaparte painting in studio ghibli style,Bonaparte,0.5741015672683716,True,embedding,0.0,napoleon bonaparte painting in studio ghibli style
"Portrait of Napoleon Bonaparte and his new electric scooter by Jeremy Lipkin and Giuseppe Dangelico Pino, oil on canvas, epic pose, cinematic, poster, 8k",napoleon,0.5740272998809814,True,embedding,0.0,Portrait of Napoleon Bonaparte and his new electric scooter by Jeremy Lipkin and Giuseppe Dangelico ...
"Portrait of a frog in the role of Emperor Napoleon, stunning screensaver, screensaver, head slightly tilted, natural light, elegant, complex, fantasy, atmospheric lighting, cinematic, matte painting, Greg Rutkowski",napoleon,0.5729836821556091,True,embedding,0.0,"Portrait of a frog in the role of Emperor Napoleon, stunning screensaver, screensaver, head slightly..."
Emperor Napoleon building a computer,napoleon,0.5706126093864441,True,embedding,0.0,Emperor Napoleon building a computer
Emperor Napoleon building a computer,napoleon,0.5706126093864441,True,embedding,0.0,Emperor Napoleon building a computer
"Napoleon Bonaparte and his new electric scooter by Jeremy Lipkin and Giuseppe Dangelico Pino, oil on canvas, epic pose, cinematic, poster, 8k",napoleon,0.5705241560935974,True,embedding,0.0,"Napoleon Bonaparte and his new electric scooter by Jeremy Lipkin and Giuseppe Dangelico Pino, oil on..."
"Napoleon Bonaparte and his new electric scooter by Jeremy Lipkin and Giuseppe Dangelico Pino, oil on canvas, epic pose, cinematic, poster, 8k",napoleon,0.5705241560935974,True,embedding,0.0,"Napoleon Bonaparte and his new electric scooter by Jeremy Lipkin and Giuseppe Dangelico Pino, oil on..."
"napoleon bonaparte holding a windmill at the battle field, mysterious, realistic",napoleon,0.5698563456535339,True,embedding,0.0,"napoleon bonaparte holding a windmill at the battle field, mysterious, realistic"
eminem as french emperor napoleon oil painting,napoleon,0.5695590376853943,True,embedding,0.0,eminem as french emperor napoleon oil painting
napoleon riding Genghis Khan like a horse photography,napoleon,0.5691334009170532,True,embedding,0.0,napoleon riding Genghis Khan like a horse photography
napoleon riding Genghis Khan like a horse photography,napoleon,0.5691334009170532,True,embedding,0.0,napoleon riding Genghis Khan like a horse photography
a hatched sketch of a cat wearing napoleon's clothing,napoleon,0.5690195560455322,True,embedding,0.0,a hatched sketch of a cat wearing napoleon's clothing
a hatched sketch of a cat wearing napoleon's clothing,napoleon,0.5690195560455322,True,embedding,0.0,a hatched sketch of a cat wearing napoleon's clothing
a hatched sketch of a cat wearing napoleon's clothing,napoleon,0.5690195560455322,True,embedding,0.0,a hatched sketch of a cat wearing napoleon's clothing
Napoleon by Francis Bacon,napoleon,0.5686372518539429,True,embedding,0.0,Napoleon by Francis Bacon
Napoleon by Francis bacon,napoleon,0.5686372518539429,True,embedding,0.0,Napoleon by Francis bacon
Napoleon by Francis bacon,napoleon,0.5686372518539429,True,embedding,0.0,Napoleon by Francis bacon
Napoleon by Francis Bacon,napoleon,0.5686372518539429,True,embedding,0.0,Napoleon by Francis Bacon
Napoleon by Francis Bacon,napoleon,0.5686372518539429,True,embedding,0.0,Napoleon by Francis Bacon
Napoleon by Francis bacon,napoleon,0.5686372518539429,True,embedding,0.0,Napoleon by Francis bacon
"Napoleon Bonaparte presenting his new electric scooter by Jeremy Lipkin and Giuseppe Dangelico Pino, oil on canvas, epic pose, cinematic, poster, 8k",napoleon,0.5677788257598877,True,embedding,0.0,"Napoleon Bonaparte presenting his new electric scooter by Jeremy Lipkin and Giuseppe Dangelico Pino,..."
"youtuber general sam dressed as napoleon, intricate, highly detailed, centered, digital painting, artstation, concept art, smooth, sharp focus, illustration, artgerm, tomasz alen kopera, peter mohrbacher, donato giancola, joseph christian leyendecker, wlop, boris vallejo",napoleon,0.5669329166412354,True,embedding,0.0,"youtuber general sam dressed as napoleon, intricate, highly detailed, centered, digital painting, ar..."
"youtuber general sam dressed as napoleon, intricate, highly detailed, centered, digital painting, artstation, concept art, smooth, sharp focus, illustration, artgerm, tomasz alen kopera, peter mohrbacher, donato giancola, joseph christian leyendecker, wlop, boris vallejo",napoleon,0.5669329166412354,True,embedding,0.0,"youtuber general sam dressed as napoleon, intricate, highly detailed, centered, digital painting, ar..."
Hitler,napoleon,0.5666395425796509,True,embedding,0.0,Hitler
hitler,napoleon,0.5666395425796509,True,embedding,0.0,hitler
hitler,napoleon,0.5666395425796509,True,embedding,0.0,hitler
napoleon bonaparte smoking weed in the sunset. digital art. ultra realistic. 4 k. trending on artstation,napoleon,0.5659460425376892,True,embedding,0.0,napoleon bonaparte smoking weed in the sunset. digital art. ultra realistic. 4 k. trending on artsta...
napoleon bonaparte smoking weed in the sunset. digital art. ultra realistic. 4 k. trending on artstation,napoleon,0.5659460425376892,True,embedding,0.0,napoleon bonaparte smoking weed in the sunset. digital art. ultra realistic. 4 k. trending on artsta...
napoleon bonaparte smoking weed in the sunset. digital art. ultra realistic. 4 k. trending on artstation,napoleon,0.5659460425376892,True,embedding,0.0,napoleon bonaparte smoking weed in the sunset. digital art. ultra realistic. 4 k. trending on artsta...
"portrait of emmanuel macron dressed as napoleon in parliament, natural light, sharp, detailed face, magazine, press, photo, steve mccurry, david lazar, canon, nikon, focus",napoleon,0.5649280548095703,True,embedding,0.0,"portrait of emmanuel macron dressed as napoleon in parliament, natural light, sharp, detailed face, ..."
"portrait of emmanuel macron dressed as napoleon in parliament, natural light, sharp, detailed face, magazine, press, photo, steve mccurry, david lazar, canon, nikon, focus",napoleon,0.5649280548095703,True,embedding,0.0,"portrait of emmanuel macron dressed as napoleon in parliament, natural light, sharp, detailed face, ..."
"portrait of emmanuel macron dressed as napoleon in parliament, natural light, sharp, detailed face, magazine, press, photo, steve mccurry, david lazar, canon, nikon, focus",napoleon,0.5649280548095703,True,embedding,0.0,"portrait of emmanuel macron dressed as napoleon in parliament, natural light, sharp, detailed face, ..."
napoleon crossing the alps on a harley davidson,napoleon,0.5647276639938354,True,embedding,0.0,napoleon crossing the alps on a harley davidson
Napoleon Crossing the Alps on a Harley Davidson,napoleon,0.5647276639938354,True,embedding,0.0,Napoleon Crossing the Alps on a Harley Davidson
napoleon crossing the alps on a harley davidson,napoleon,0.5647276639938354,True,embedding,0.0,napoleon crossing the alps on a harley davidson
Napoleon Crossing the Alps on a Harley Davidson,napoleon,0.5647276639938354,True,embedding,0.0,Napoleon Crossing the Alps on a Harley Davidson
"Winston Churchill talking to Napoleon Bonaparte, vintage photo",Bonaparte,0.5634685158729553,True,embedding,0.0,"Winston Churchill talking to Napoleon Bonaparte, vintage photo"
"Winston Churchill talking to Napoleon Bonaparte, vintage photo",Bonaparte,0.5634685158729553,True,embedding,0.0,"Winston Churchill talking to Napoleon Bonaparte, vintage photo"
"Tomas Kamphuis as napoleon with horse, marble statue, trending on artstation",napoleon,0.5633372068405151,True,embedding,0.0,"Tomas Kamphuis as napoleon with horse, marble statue, trending on artstation"
"a portrait of a napoleonic cuirassier wearing a polished steel cuirass, parade setting, vivid colors, soft lighting, atmospheric, cinematic, moody, in the style of ilya kuvshinov and range murata, krenz cushart, rule of thirds, oil on canvas, 8 k",napoleonic,0.5629616975784302,True,embedding,0.0,"a portrait of a napoleonic cuirassier wearing a polished steel cuirass, parade setting, vivid colors..."
"battle of waterloo, foggy, misty, napoleonic wars, epic, conflict, cannon, jacques louis - david, french, british, belgian, neoclassical, highly detailed, artstation, 4 k ",napoleonic,0.5627342462539673,True,embedding,0.0,"battle of waterloo, foggy, misty, napoleonic wars, epic, conflict, cannon, jacques louis - david, fr..."
"battle of waterloo, foggy, misty, napoleonic wars, epic, conflict, cannon, jacques louis - david, french, british, belgian, neoclassical, highly detailed, artstation, 4 k ",napoleonic,0.5627342462539673,True,embedding,0.0,"battle of waterloo, foggy, misty, napoleonic wars, epic, conflict, cannon, jacques louis - david, fr..."
"battle of waterloo, foggy, misty, napoleonic wars, epic, conflict, cannon, jacques louis - david, french, british, belgian, neoclassical, highly detailed, artstation, 4 k ",napoleonic,0.5627342462539673,True,embedding,0.0,"battle of waterloo, foggy, misty, napoleonic wars, epic, conflict, cannon, jacques louis - david, fr..."
"battle of waterloo, foggy, misty, napoleonic wars, epic, conflict, cannon, jacques louis - david, french, british, belgian, neoclassical, highly detailed, artstation, 4 k ",napoleonic,0.5627342462539673,True,embedding,0.0,"battle of waterloo, foggy, misty, napoleonic wars, epic, conflict, cannon, jacques louis - david, fr..."
"Napoleon Bonaparte on his new electric scooter by Jeremy Lipkin and Giuseppe Dangelico Pino, price tag hanging from the scooter, oil on canvas, epic pose, cinematic, poster, 8k",napoleon,0.5626683235168457,True,embedding,0.0,"Napoleon Bonaparte on his new electric scooter by Jeremy Lipkin and Giuseppe Dangelico Pino, price t..."
"Napoleon Bonaparte on his new electric scooter by Jeremy Lipkin and Giuseppe Dangelico Pino, price tag hanging from the scooter, oil on canvas, epic pose, cinematic, poster, 8k",napoleon,0.5626683235168457,True,embedding,0.0,"Napoleon Bonaparte on his new electric scooter by Jeremy Lipkin and Giuseppe Dangelico Pino, price t..."
"Napoleon Bonaparte on his new electric scooter by Jeremy Lipkin and Giuseppe Dangelico Pino, price tag hanging from the scooter, oil on canvas, epic pose, cinematic, poster, 8k",napoleon,0.5626683235168457,True,embedding,0.0,"Napoleon Bonaparte on his new electric scooter by Jeremy Lipkin and Giuseppe Dangelico Pino, price t..."
"drdisrespect posing as napoleon, wearing oakley sunglasses, full body, breath taking, portrait, highly detailed painting by gaston bussiere, j. c. leyendecker, greg rutkowski, craig mullins 8 k",napoleon,0.5622742176055908,True,embedding,0.0,"drdisrespect posing as napoleon, wearing oakley sunglasses, full body, breath taking, portrait, high..."
"photo of realistic real life napoleon wearing big steampunk googles, photo by gustave baumann",napoleon,0.561535120010376,True,embedding,0.0,"photo of realistic real life napoleon wearing big steampunk googles, photo by gustave baumann"
"portrait of napoleon bonaparte, extremely detailed digital painting, in the style of fenghua zhong and ruan jia and jeremy lipking and peter mohrbacher, mystical colors, rim light, beautiful lighting, 8 k, stunning scene, raytracing, octane, trending on artstation",Bonaparte,0.5611543655395508,True,embedding,0.0,"portrait of napoleon bonaparte, extremely detailed digital painting, in the style of fenghua zhong a..."
"a portrait photograph of Emmanuel Macron as Emperor Napoleon, DSLR photography",napoleon,0.5609277486801147,True,embedding,0.0,"a portrait photograph of Emmanuel Macron as Emperor Napoleon, DSLR photography"
"portrait painting of napoleon, also napoleon bonaparte, and later known by his regnal name napoleon i, was a french military and political leader who rose to prominence during the french revolution and led several successful campaigns during the revolutionary wars.",napoleon,0.559775710105896,True,embedding,0.0,"portrait painting of napoleon, also napoleon bonaparte, and later known by his regnal name napoleon ..."
"Napoleon Bonaparte and his new electric scooter by Jeremy Lipkin and Giuseppe Dangelico Pino, oil on canvas, epic pose, peasant crowd cheering, cinematic, poster, 8k",napoleon,0.559066653251648,True,embedding,0.0,"Napoleon Bonaparte and his new electric scooter by Jeremy Lipkin and Giuseppe Dangelico Pino, oil on..."
"Napoleon Bonaparte and his new electric scooter by Jeremy Lipkin and Giuseppe Dangelico Pino, oil on canvas, epic pose, peasant crowd cheering, cinematic, poster, 8k",napoleon,0.559066653251648,True,embedding,0.0,"Napoleon Bonaparte and his new electric scooter by Jeremy Lipkin and Giuseppe Dangelico Pino, oil on..."
"Napoleon Bonaparte and his new electric scooter by Jeremy Lipkin and Giuseppe Dangelico Pino, oil on canvas, epic pose, peasant crowd cheering, cinematic, poster, 8k",napoleon,0.559066653251648,True,embedding,0.0,"Napoleon Bonaparte and his new electric scooter by Jeremy Lipkin and Giuseppe Dangelico Pino, oil on..."
"Napoleon Bonaparte and his new electric scooter by Jeremy Lipkin and Giuseppe Dangelico Pino, oil on canvas, epic pose, peasant crowd cheering, cinematic, poster, 8k",napoleon,0.559066653251648,True,embedding,0.0,"Napoleon Bonaparte and his new electric scooter by Jeremy Lipkin and Giuseppe Dangelico Pino, oil on..."
"Napoleon Bonaparte and his new electric scooter by Jeremy Lipkin and Giuseppe Dangelico Pino, oil on canvas, epic pose, peasant crowd cheering, cinematic, poster, 8k",napoleon,0.559066653251648,True,embedding,0.0,"Napoleon Bonaparte and his new electric scooter by Jeremy Lipkin and Giuseppe Dangelico Pino, oil on..."
napoleon as elve in lord of the rings,napoleon,0.5576505064964294,True,embedding,0.0,napoleon as elve in lord of the rings
"Napoleon Bonaparte on his new electric scooter by Jeremy Lipkin and Giuseppe Dangelico Pino, oil on canvas, epic pose, cinematic, poster, 8k",napoleon,0.5576186180114746,True,embedding,0.0,"Napoleon Bonaparte on his new electric scooter by Jeremy Lipkin and Giuseppe Dangelico Pino, oil on ..."
"Napoleon Bonaparte on his new electric scooter by Jeremy Lipkin and Giuseppe Dangelico Pino, oil on canvas, epic pose, cinematic, poster, 8k",napoleon,0.5576186180114746,True,embedding,0.0,"Napoleon Bonaparte on his new electric scooter by Jeremy Lipkin and Giuseppe Dangelico Pino, oil on ..."
"Napoleon Bonaparte on his new electric scooter by Jeremy Lipkin and Giuseppe Dangelico Pino, oil on canvas, epic pose, cinematic, poster, 8k",napoleon,0.5576186180114746,True,embedding,0.0,"Napoleon Bonaparte on his new electric scooter by Jeremy Lipkin and Giuseppe Dangelico Pino, oil on ..."
"Napoleon Bonaparte on his new electric scooter by Jeremy Lipkin and Giuseppe Dangelico Pino, oil on canvas, epic pose, cinematic, poster, 8k",napoleon,0.5576186180114746,True,embedding,0.0,"Napoleon Bonaparte on his new electric scooter by Jeremy Lipkin and Giuseppe Dangelico Pino, oil on ..."
"Napoleon Bonaparte on his new electric scooter by Jeremy Lipkin and Giuseppe Dangelico Pino, oil on canvas, epic pose, cinematic, poster, 8k",napoleon,0.5576186180114746,True,embedding,0.0,"Napoleon Bonaparte on his new electric scooter by Jeremy Lipkin and Giuseppe Dangelico Pino, oil on ..."
temeraire,napoleonic,0.556652307510376,True,embedding,0.0,temeraire
"napoleon bonaparte on a horse with santa claus eating candy and holding a smartphone while waiting on the bus at a bus stop, modern art, 8 k,",napoleon,0.5558629035949707,True,embedding,0.0,napoleon bonaparte on a horse with santa claus eating candy and holding a smartphone while waiting o...
"portrait of napoloen bonaparte and toussaint l'ouverture standing proudly shoulder to shoulder, painting by rose roosendaal, trending on artstation",Bonaparte,0.5541003942489624,True,embedding,0.0,"portrait of napoloen bonaparte and toussaint l'ouverture standing proudly shoulder to shoulder, pain..."
"drdisrespect posing as napoleon, wearing reflective sunglasses, full body, breath taking, portrait, artstation, highly detailed painting by gaston bussiere, j. c. leyendecker, greg rutkowski, craig mullins 8 k",napoleon,0.5539348125457764,True,embedding,0.0,"drdisrespect posing as napoleon, wearing reflective sunglasses, full body, breath taking, portrait, ..."
"drdisrespect posing as napoleon, wearing reflective sunglasses, full body, breath taking, portrait, artstation, highly detailed painting by gaston bussiere, j. c. leyendecker, greg rutkowski, craig mullins 8 k",napoleon,0.5539348125457764,True,embedding,0.0,"drdisrespect posing as napoleon, wearing reflective sunglasses, full body, breath taking, portrait, ..."
"general sam dressed as napoleon, intricate, highly detailed, centered, digital painting, artstation, concept art, smooth, sharp focus, illustration, artgerm, tomasz alen kopera, peter mohrbacher, donato giancola, joseph christian leyendecker, wlop, boris vallejo",napoleon,0.553169310092926,True,embedding,0.0,"general sam dressed as napoleon, intricate, highly detailed, centered, digital painting, artstation,..."
"general sam dressed as napoleon, intricate, highly detailed, centered, digital painting, artstation, concept art, smooth, sharp focus, illustration, artgerm, tomasz alen kopera, peter mohrbacher, donato giancola, joseph christian leyendecker, wlop, boris vallejo",napoleon,0.553169310092926,True,embedding,0.0,"general sam dressed as napoleon, intricate, highly detailed, centered, digital painting, artstation,..."
"cillian murphy dressed as napoleon - bonaparte, baroque painting, intricate, elegant, highly detailed, centered, digital painting, artstation, concept art, smooth, sharp focus, illustration, artgerm, tomasz alen kopera, peter mohrbacher, donato giancola, joseph christian leyendecker, wlop, boris vallejo",napoleon,0.5528962016105652,True,embedding,0.0,"cillian murphy dressed as napoleon - bonaparte, baroque painting, intricate, elegant, highly detaile..."
a renaissance oil painting of garfield the cat as napoleon,napoleon,0.5518890619277954,True,embedding,0.0,a renaissance oil painting of garfield the cat as napoleon
a renaissance oil painting of garfield the cat as napoleon,napoleon,0.5518890619277954,True,embedding,0.0,a renaissance oil painting of garfield the cat as napoleon
"a giant squirrel carrying napoleon bonaparte, courbet",Bonaparte,0.5514981746673584,True,embedding,0.0,"a giant squirrel carrying napoleon bonaparte, courbet"
"napoleon kneeling before the pope, charcoal, delacroix",napoleon,0.5504115223884583,True,embedding,0.0,"napoleon kneeling before the pope, charcoal, delacroix"
"Napoleon Crossing the Alps on a Harley Davidson , Salvador Dali style , oil painting",napoleon,0.5503079295158386,True,embedding,0.0,"Napoleon Crossing the Alps on a Harley Davidson , Salvador Dali style , oil painting"
"Napoleon Crossing the Alps on a Harley Davidson , Salvador Dali style , oil painting",napoleon,0.5503079295158386,True,embedding,0.0,"Napoleon Crossing the Alps on a Harley Davidson , Salvador Dali style , oil painting"
"Napoleon Bonaparte riding to battle on his electric scooter by Jeremy Lipkin and Giuseppe Dangelico Pino, oil on canvas, epic pose, cinematic, poster, 8k",napoleon,0.5497997999191284,True,embedding,0.0,Napoleon Bonaparte riding to battle on his electric scooter by Jeremy Lipkin and Giuseppe Dangelico ...
"a 1920s photograph of Napoleon Bonaparte, portrait, 8k",Bonaparte,0.5490056276321411,True,embedding,0.0,"a 1920s photograph of Napoleon Bonaparte, portrait, 8k"
"a 1920s photograph of Napoleon Bonaparte, portrait, 8k",Bonaparte,0.5490056276321411,True,embedding,0.0,"a 1920s photograph of Napoleon Bonaparte, portrait, 8k"
"grandiose epic renaissance portrait of napoleon bonaparte, french emperor, detailed painting by boticelli, leonardo davinci, francois gerard and jacques louis david",Bonaparte,0.5486804246902466,True,embedding,0.0,"grandiose epic renaissance portrait of napoleon bonaparte, french emperor, detailed painting by boti..."
"grandiose epic renaissance portrait of napoleon bonaparte, french emperor, detailed painting by boticelli, leonardo davinci, francois gerard and jacques louis david",Bonaparte,0.5486804246902466,True,embedding,0.0,"grandiose epic renaissance portrait of napoleon bonaparte, french emperor, detailed painting by boti..."
"grandiose epic renaissance portrait of napoleon bonaparte, french emperor, detailed painting by boticelli, leonardo davinci, francois gerard and jacques louis david",Bonaparte,0.5486804246902466,True,embedding,0.0,"grandiose epic renaissance portrait of napoleon bonaparte, french emperor, detailed painting by boti..."
"Napoleon sitting in a gaming chair and playing a game on his computer, 8k, dslr,",napoleon,0.5478230714797974,True,embedding,0.0,"Napoleon sitting in a gaming chair and playing a game on his computer, 8k, dslr,"
a cubism painting of a cat dressed as French emperor Napoleon,napoleon,0.5472230911254883,True,embedding,0.0,a cubism painting of a cat dressed as French emperor Napoleon
"photograph of jack nicholson as napoleon in stanley kubrick's movie of napoleon, seventies cinema, vintage, by stanley kubrick, jack nicholson as napoleon, cinematic lighting, cinematic composition, ultra realistic, panavision, wide screen, vibrant color",napoleon,0.54557204246521,True,embedding,0.0,"photograph of jack nicholson as napoleon in stanley kubrick's movie of napoleon, seventies cinema, v..."
"photograph of jack nicholson as napoleon in stanley kubrick's movie of napoleon, seventies cinema, vintage, by stanley kubrick, jack nicholson as napoleon, cinematic lighting, cinematic composition, ultra realistic, panavision, wide screen, vibrant color",napoleon,0.54557204246521,True,embedding,0.0,"photograph of jack nicholson as napoleon in stanley kubrick's movie of napoleon, seventies cinema, v..."
napoleon baseball card,napoleon,0.5453238487243652,True,embedding,0.0,napoleon baseball card
"battle of austerlitz, foggy, misty, napoleonic wars, epic, conflict, cannon, jacques louis - david, french, russian, machine gun, neoclassical, highly detailed, artstation, 4 k",napoleonic,0.5451905131340027,True,embedding,0.0,"battle of austerlitz, foggy, misty, napoleonic wars, epic, conflict, cannon, jacques louis - david, ..."
a 1 8 th century painting of napoleon riding a horse with sunset in venice,napoleon,0.5447539687156677,True,embedding,0.0,a 1 8 th century painting of napoleon riding a horse with sunset in venice
"Portrait of a Napoleonic admiral, middle-aged male, detailed face, fantasy, highly detailed, cinematic lighting, digital art painting by greg rutkowski",napoleonic,0.544674277305603,True,embedding,0.0,"Portrait of a Napoleonic admiral, middle-aged male, detailed face, fantasy, highly detailed, cinemat..."
"snoop dog dressed as napoleon, intricate, elegant, highly detailed, centered, digital painting, artstation, concept art, smooth, sharp focus, illustration, artgerm, tomasz alen kopera, peter mohrbacher, donato giancola, joseph christian leyendecker, wlop, boris vallejo",napoleon,0.5446633100509644,True,embedding,0.0,"snoop dog dressed as napoleon, intricate, elegant, highly detailed, centered, digital painting, arts..."
"snoop dog dressed as napoleon, intricate, elegant, highly detailed, centered, digital painting, artstation, concept art, smooth, sharp focus, illustration, artgerm, tomasz alen kopera, peter mohrbacher, donato giancola, joseph christian leyendecker, wlop, boris vallejo",napoleon,0.5446633100509644,True,embedding,0.0,"snoop dog dressed as napoleon, intricate, elegant, highly detailed, centered, digital painting, arts..."
"photo, napoleon bonaparte sitting twine, legs widely spread, yoga class",napoleon,0.5442087054252625,True,embedding,0.0,"photo, napoleon bonaparte sitting twine, legs widely spread, yoga class"
"Portrait of a Napoleonic admiral, male, detailed face, fantasy, highly detailed, cinematic lighting, digital art painting by greg rutkowski",napoleonic,0.5432616472244263,True,embedding,0.0,"Portrait of a Napoleonic admiral, male, detailed face, fantasy, highly detailed, cinematic lighting,..."
"Mugshot Portrait of Napoleon Dynamite, taken in the 1970s, photo taken on a 1970s polaroid camera, grainy, real life, hyperrealistic, ultra realistic, realistic, highly detailed, epic, HD quality, 8k resolution, body and headshot, film still, front facing, front view, headshot and bodyshot, detailed face, very detailed face",napoleon,0.5430117845535278,True,embedding,0.0,"Mugshot Portrait of Napoleon Dynamite, taken in the 1970s, photo taken on a 1970s polaroid camera, g..."
"Mugshot Portrait of Napoleon Dynamite, taken in the 1970s, photo taken on a 1970s polaroid camera, grainy, real life, hyperrealistic, ultra realistic, realistic, highly detailed, epic, HD quality, 8k resolution, body and headshot, film still, front facing, front view, headshot and bodyshot, detailed face, very detailed face",napoleon,0.5430117845535278,True,embedding,0.0,"Mugshot Portrait of Napoleon Dynamite, taken in the 1970s, photo taken on a 1970s polaroid camera, g..."
"Portrait of BeasttrollMC as Napoleon Bonaparte, asian race, blue hair",napoleon,0.5425437092781067,True,embedding,0.0,"Portrait of BeasttrollMC as Napoleon Bonaparte, asian race, blue hair"
"photo, napoleon bonaparte sits on twine with his legs widely spread",Bonaparte,0.5422379970550537,True,embedding,0.0,"photo, napoleon bonaparte sits on twine with his legs widely spread"
"photograph of jack nicholson as napoleon in stanley kubrick's movie of napoleon, seventies cinema, vintage, by stanley kubrick, jack nicholson as napoleon, cinematic lighting, ultra realistic, panavision, wide screen, vibrant color",napoleon,0.5415269136428833,True,embedding,0.0,"photograph of jack nicholson as napoleon in stanley kubrick's movie of napoleon, seventies cinema, v..."
"photograph of jack nicholson as napoleon in stanley kubrick's movie of napoleon, seventies cinema, vintage, by stanley kubrick, jack nicholson as napoleon, cinematic lighting, ultra realistic, panavision, wide screen, vibrant color",napoleon,0.5415269136428833,True,embedding,0.0,"photograph of jack nicholson as napoleon in stanley kubrick's movie of napoleon, seventies cinema, v..."
kevin o'leary painting as napoleon by jacques louis david,napoleon,0.5407027006149292,True,embedding,0.0,kevin o'leary painting as napoleon by jacques louis david
kevin o'leary painting as napoleon by jacques louis david,napoleon,0.5407027006149292,True,embedding,0.0,kevin o'leary painting as napoleon by jacques louis david
An exquisite oil painting of a chimpanzee dressed like Napoleon,napoleon,0.5406660437583923,True,embedding,0.0,An exquisite oil painting of a chimpanzee dressed like Napoleon
"Napoleon may have been a military genius, but he was also a fashion icon. Here he is seen sporting the latest Easter Bunny style. Unfortunately, his sense of fashion didn't always extend to his choice of footwear, as evidenced by the slapstick incident in this photo.",napoleon,0.5403886437416077,True,embedding,0.0,"Napoleon may have been a military genius, but he was also a fashion icon. Here he is seen sporting t..."
"napoleon, a smartphone in his eight hand, making a selfie, ultra realistic, 8 k, trending on artstation.",napoleon,0.5401766300201416,True,embedding,0.0,"napoleon, a smartphone in his eight hand, making a selfie, ultra realistic, 8 k, trending on artstat..."
An exquisite oil painting of a orangutan dressed like Napoleon,napoleon,0.5394350290298462,True,embedding,0.0,An exquisite oil painting of a orangutan dressed like Napoleon
hitler joker,napoleon,0.5390496253967285,True,embedding,0.0,hitler joker
"Portrait of Napoleon Bonaparte as Hecarim from League of Legends, evil, anger, mystery, fear, highly detailed, ominous vibe, smoke, octane render, cgsociety, artstation, trending on ArtStation, by Marie Magny",napoleon,0.5389072895050049,True,embedding,0.0,"Portrait of Napoleon Bonaparte as Hecarim from League of Legends, evil, anger, mystery, fear, highly..."
oil painting of Goku posing as napoleon,napoleon,0.5385469198226929,True,embedding,0.0,oil painting of Goku posing as napoleon
oil painting of Goku posing as napoleon,napoleon,0.5385469198226929,True,embedding,0.0,oil painting of Goku posing as napoleon
"Political poster representing a portrait en plein pied of Emperor Napoleon, by Shepard Fairey",napoleon,0.5381811261177063,True,embedding,0.0,"Political poster representing a portrait en plein pied of Emperor Napoleon, by Shepard Fairey"
"Political poster representing a portrait en plein pied of Emperor Napoleon, by Shepard Fairey",napoleon,0.5381811261177063,True,embedding,0.0,"Political poster representing a portrait en plein pied of Emperor Napoleon, by Shepard Fairey"
"Political poster representing a portrait en plein pied of Emperor Napoleon, by Shepard Fairey",napoleon,0.5381811261177063,True,embedding,0.0,"Political poster representing a portrait en plein pied of Emperor Napoleon, by Shepard Fairey"
"Political poster representing a portrait en plein pied of Emperor Napoleon, by Shepard Fairey",napoleon,0.5381811261177063,True,embedding,0.0,"Political poster representing a portrait en plein pied of Emperor Napoleon, by Shepard Fairey"
napoleon on his horse while holding his gun and shooting by greg rutkowski,napoleon,0.5375544428825378,True,embedding,0.0,napoleon on his horse while holding his gun and shooting by greg rutkowski
"battle of austerlitz, foggy, misty, napoleonic wars, epic, conflict, cannon, sabres, jacques louis - david, french, russian, neoclassical, highly detailed, artstation, 4 k",napoleonic,0.5371991395950317,True,embedding,0.0,"battle of austerlitz, foggy, misty, napoleonic wars, epic, conflict, cannon, sabres, jacques louis -..."
"battle of austerlitz, foggy, misty, napoleonic wars, epic, conflict, cannon, sabres, jacques louis - david, french, russian, neoclassical, highly detailed, artstation, 4 k",napoleonic,0.5371991395950317,True,embedding,0.0,"battle of austerlitz, foggy, misty, napoleonic wars, epic, conflict, cannon, sabres, jacques louis -..."
"closeup portrait of emmanuel macron dressed as napoleon crying thumbs up, natural light, sharp, detailed face, magazine, press, photo, steve mccurry, david lazar, canon, nikon, focus",napoleon,0.5369235277175903,True,embedding,0.0,"closeup portrait of emmanuel macron dressed as napoleon crying thumbs up, natural light, sharp, deta..."
"closeup portrait of emmanuel macron dressed as napoleon crying thumbs up, natural light, sharp, detailed face, magazine, press, photo, steve mccurry, david lazar, canon, nikon, focus",napoleon,0.5369235277175903,True,embedding,0.0,"closeup portrait of emmanuel macron dressed as napoleon crying thumbs up, natural light, sharp, deta..."
"closeup portrait of emmanuel macron dressed as napoleon crying thumbs up, natural light, sharp, detailed face, magazine, press, photo, steve mccurry, david lazar, canon, nikon, focus",napoleon,0.5369235277175903,True,embedding,0.0,"closeup portrait of emmanuel macron dressed as napoleon crying thumbs up, natural light, sharp, deta..."
"stills from Robert Eggers' new film about Napoleon, cinematography by Andrei Tarkovsky, renaissance art style, surreal aura, dreamlike atmosphere, cinematic photography, 35mm, 4:3, highly detailed",napoleon,0.535799503326416,True,embedding,0.0,"stills from Robert Eggers' new film about Napoleon, cinematography by Andrei Tarkovsky, renaissance ..."
"Fierce Napoleon, closeup, intricate, elegant, highly detailed, digital painting, artstation, concept art, matte, sharp focus, illustration, art by Artgerm and Greg Rutkowski and Alphonse Mucha",napoleon,0.5351982116699219,True,embedding,0.0,"Fierce Napoleon, closeup, intricate, elegant, highly detailed, digital painting, artstation, concept..."
"Fierce Napoleon, closeup, intricate, elegant, highly detailed, digital painting, artstation, concept art, matte, sharp focus, illustration, art by Artgerm and Greg Rutkowski and Alphonse Mucha",napoleon,0.5351982116699219,True,embedding,0.0,"Fierce Napoleon, closeup, intricate, elegant, highly detailed, digital painting, artstation, concept..."
"drdisrespect as napoleon, breath taking, dignified, highly detailed painting by gaston bussiere, j. c. leyendecker, greg rutkowski, craig mullins 8 k",napoleon,0.5339301228523254,True,embedding,0.0,"drdisrespect as napoleon, breath taking, dignified, highly detailed painting by gaston bussiere, j. ..."
"drdisrespect as napoleon, breath taking, dignified, highly detailed painting by gaston bussiere, j. c. leyendecker, greg rutkowski, craig mullins 8 k",napoleon,0.5339301228523254,True,embedding,0.0,"drdisrespect as napoleon, breath taking, dignified, highly detailed painting by gaston bussiere, j. ..."
"drdisrespect as napoleon, breath taking, dignified, highly detailed painting by gaston bussiere, j. c. leyendecker, greg rutkowski, craig mullins 8 k",napoleon,0.5339301228523254,True,embedding,0.0,"drdisrespect as napoleon, breath taking, dignified, highly detailed painting by gaston bussiere, j. ..."
"George Napoleon riding a motorcycle, oil painting",napoleon,0.5338031053543091,True,embedding,0.0,"George Napoleon riding a motorcycle, oil painting"
"Viktor Orbán dressed as Napoleon, Neoclassicist painting, highly detailed",napoleon,0.5337446928024292,True,embedding,0.0,"Viktor Orbán dressed as Napoleon, Neoclassicist painting, highly detailed"
"portrait of a napoleonic admiral, male, detailed face, fantasy, highly detailed, cinematic lighting, digital painting by craig mullins",napoleonic,0.5331064462661743,True,embedding,0.0,"portrait of a napoleonic admiral, male, detailed face, fantasy, highly detailed, cinematic lighting,..."
"portrait of katniss everdeen dressed as napoleon in parliament, natural light, sharp, detailed face, press, photo, steve mccurry, david lazar, canon, nikon, focus",napoleon,0.5329264402389526,True,embedding,0.0,"portrait of katniss everdeen dressed as napoleon in parliament, natural light, sharp, detailed face,..."
oil painting of napoleon posing as goku,napoleon,0.5320866107940674,True,embedding,0.0,oil painting of napoleon posing as goku
oil painting of napoleon posing as goku,napoleon,0.5320866107940674,True,embedding,0.0,oil painting of napoleon posing as goku
"starfleet uniform, portrait of napoleon bonaparte in starfleet uniform",Bonaparte,0.5312595367431641,True,embedding,0.0,"starfleet uniform, portrait of napoleon bonaparte in starfleet uniform"
"starfleet uniform, portrait of napoleon bonaparte in starfleet uniform",Bonaparte,0.5312595367431641,True,embedding,0.0,"starfleet uniform, portrait of napoleon bonaparte in starfleet uniform"
"ultra realistic dinosaur eating Cheetos, Napoleon Bonaparte",Bonaparte,0.530651330947876,True,embedding,0.0,"ultra realistic dinosaur eating Cheetos, Napoleon Bonaparte"
"jack nicholson starring as napoleon in stanley kubrick's movie of napoleon, seventies cinema, vintage, by stanley kubrick, jack nicholson as napoleon, cinematic lighting, ultra realistic, panavision, wide screen, vibrant color",napoleon,0.5306038856506348,True,embedding,0.0,"jack nicholson starring as napoleon in stanley kubrick's movie of napoleon, seventies cinema, vintag..."
"jack nicholson starring as napoleon in stanley kubrick's movie of napoleon, seventies cinema, vintage, by stanley kubrick, jack nicholson as napoleon, cinematic lighting, ultra realistic, panavision, wide screen, vibrant color",napoleon,0.5306038856506348,True,embedding,0.0,"jack nicholson starring as napoleon in stanley kubrick's movie of napoleon, seventies cinema, vintag..."
"jack nicholson starring as napoleon in stanley kubrick's movie of napoleon, seventies cinema, vintage, by stanley kubrick, jack nicholson as napoleon, cinematic lighting, ultra realistic, panavision, wide screen, vibrant color",napoleon,0.5306038856506348,True,embedding,0.0,"jack nicholson starring as napoleon in stanley kubrick's movie of napoleon, seventies cinema, vintag..."
"jack nicholson starring as napoleon in stanley kubrick's movie of napoleon, seventies cinema, vintage, by stanley kubrick, jack nicholson as napoleon, cinematic lighting, ultra realistic, panavision, wide screen, vibrant color",napoleon,0.5306038856506348,True,embedding,0.0,"jack nicholson starring as napoleon in stanley kubrick's movie of napoleon, seventies cinema, vintag..."
"jack nicholson starring as napoleon in stanley kubrick's movie of napoleon, seventies cinema, vintage, by stanley kubrick, jack nicholson as napoleon, cinematic lighting, ultra realistic, panavision, wide screen, vibrant color",napoleon,0.5306038856506348,True,embedding,0.0,"jack nicholson starring as napoleon in stanley kubrick's movie of napoleon, seventies cinema, vintag..."
"jack nicholson starring as napoleon in stanley kubrick's movie of napoleon, seventies cinema, vintage, by stanley kubrick, jack nicholson as napoleon, cinematic lighting, ultra realistic, panavision, wide screen, vibrant color",napoleon,0.5306038856506348,True,embedding,0.0,"jack nicholson starring as napoleon in stanley kubrick's movie of napoleon, seventies cinema, vintag..."
"drdisrespect conquering waterloo as napoleon, highly detailed painting by gaston bussiere, j. c. leyendecker, greg rutkowski, craig mullins 8 k",napoleon,0.5299193859100342,True,embedding,0.0,"drdisrespect conquering waterloo as napoleon, highly detailed painting by gaston bussiere, j. c. ley..."
"clothed, christina hendricks dressed as napoleon - bonaparte, baroque painting, intricate, elegant, highly detailed, centered, digital painting, artstation, concept art, smooth, sharp focus, illustration, artgerm, tomasz alen kopera, peter mohrbacher, donato giancola, joseph christian leyendecker, wlop, boris vallejo",napoleon,0.5298837423324585,True,embedding,0.0,"clothed, christina hendricks dressed as napoleon - bonaparte, baroque painting, intricate, elegant, ..."
"tiny napoleon holding a giant and too heavy sword, by fernando botero, painting, fine art, high contrast, divine, strong, rembrandt lighting, ray tracing global illumination, ray tracing reflections, insanely detailed and intricate, hypermaximalist, elegant, ornate, hyper realistic, super detailed",napoleon,0.5291281938552856,True,embedding,0.0,"tiny napoleon holding a giant and too heavy sword, by fernando botero, painting, fine art, high cont..."
napoleon's horse as a squirrel,napoleon,0.5276787281036377,True,embedding,0.0,napoleon's horse as a squirrel
napoleon's horse as a squirrel,napoleon,0.5276787281036377,True,embedding,0.0,napoleon's horse as a squirrel
a renaissance painting of napoleon's army and the roman army fighting.,napoleon,0.5276443362236023,True,embedding,0.0,a renaissance painting of napoleon's army and the roman army fighting.
"closeup portrait of emmanuel macron dressed as napoleon, natural light, sharp, detailed face, magazine, press, photo, steve mccurry, david lazar, canon, nikon, focus",napoleon,0.5276165008544922,True,embedding,0.0,"closeup portrait of emmanuel macron dressed as napoleon, natural light, sharp, detailed face, magazi..."
"Portrait of an old Napoleonic admiral, male, detailed face, fantasy, highly detailed, cinematic lighting, digital art painting by greg rutkowski",napoleonic,0.5274966955184937,True,embedding,0.0,"Portrait of an old Napoleonic admiral, male, detailed face, fantasy, highly detailed, cinematic ligh..."
"napoleons consort by sir lawrence alma - tadema, john william godward, arnold bocklin, herbert james draper",Bonaparte,0.5262088775634766,True,embedding,0.0,"napoleons consort by sir lawrence alma - tadema, john william godward, arnold bocklin, herbert james..."
"closeup portrait of emmanuel macron dressed as napoleon in a paris street, natural light, sharp, detailed face, magazine, press, photo, steve mccurry, david lazar, canon, nikon, focus",napoleon,0.5253207087516785,True,embedding,0.0,"closeup portrait of emmanuel macron dressed as napoleon in a paris street, natural light, sharp, det..."
"ultra realistic painting of a napoleonic soldier sitting on a piano inside of a forest, thick brush strokes, visible paint layers, taken from the back of the soldier.",napoleonic,0.5252915620803833,True,embedding,0.0,"ultra realistic painting of a napoleonic soldier sitting on a piano inside of a forest, thick brush ..."
"napoleon riding a squirrel on the beach with crepe myrtles in the background, oil painting",napoleon,0.5251661539077759,True,embedding,0.0,"napoleon riding a squirrel on the beach with crepe myrtles in the background, oil painting"
"car Ash Thorp khyzyl saleem car on the coronation of napoleon painting: medium size : in oil liquid, organic architecture small size forms structure : 7, u, x, y, o medium size forms: Kazimir Malevich forms : brutalist medium size forms: keyshot, unreal engine 5, high reflections oil, liquid high glossy, high specularity, ultra detailed, 4k, 8k, 16k",napoleon,0.5234557390213013,True,embedding,0.0,"car Ash Thorp khyzyl saleem car on the coronation of napoleon painting: medium size : in oil liquid,..."
"closeup portrait of emmanuel macron dressed as napoleon firing cannons on the beach england, natural light, sharp, detailed face, magazine, press, photo, steve mccurry, david lazar, canon, nikon, focus",napoleon,0.5233289003372192,True,embedding,0.0,"closeup portrait of emmanuel macron dressed as napoleon firing cannons on the beach england, natural..."
"closeup portrait of emmanuel macron dressed as napoleon firing cannons on the beach england, natural light, sharp, detailed face, magazine, press, photo, steve mccurry, david lazar, canon, nikon, focus",napoleon,0.5233289003372192,True,embedding,0.0,"closeup portrait of emmanuel macron dressed as napoleon firing cannons on the beach england, natural..."
"jack nicholson starring as napoleon in stanley kubrick's movie of napoleon, seventies cinema, vintage, by stanley kubrick, jack nicholson as napoleon, cinematic lighting, ultra realistic, panavision, wide screen, saturated color",napoleon,0.5232608318328857,True,embedding,0.0,"jack nicholson starring as napoleon in stanley kubrick's movie of napoleon, seventies cinema, vintag..."
"jack nicholson starring as napoleon in stanley kubrick's movie of napoleon, seventies cinema, vintage, by stanley kubrick, jack nicholson as napoleon, cinematic lighting, ultra realistic, panavision, wide screen, saturated color",napoleon,0.5232608318328857,True,embedding,0.0,"jack nicholson starring as napoleon in stanley kubrick's movie of napoleon, seventies cinema, vintag..."
"jack nicholson starring as napoleon in stanley kubrick's movie of napoleon, seventies cinema, vintage, by stanley kubrick, jack nicholson as napoleon, cinematic lighting, ultra realistic, panavision, wide screen, saturated color",napoleon,0.5232608318328857,True,embedding,0.0,"jack nicholson starring as napoleon in stanley kubrick's movie of napoleon, seventies cinema, vintag..."
"jack nicholson starring as napoleon in stanley kubrick's movie of napoleon, seventies cinema, vintage, by stanley kubrick, jack nicholson as napoleon, cinematic lighting, ultra realistic, panavision, wide screen, saturated color",napoleon,0.5232608318328857,True,embedding,0.0,"jack nicholson starring as napoleon in stanley kubrick's movie of napoleon, seventies cinema, vintag..."
"jack nicholson starring as napoleon in stanley kubrick's movie of napoleon, seventies cinema, vintage, by stanley kubrick, jack nicholson as napoleon, cinematic lighting, ultra realistic, panavision, wide screen, saturated color",napoleon,0.5232608318328857,True,embedding,0.0,"jack nicholson starring as napoleon in stanley kubrick's movie of napoleon, seventies cinema, vintag..."
vintage photo of Winston Churchill talking to Napoleon Bonaparte,Bonaparte,0.5231037139892578,True,embedding,0.0,vintage photo of Winston Churchill talking to Napoleon Bonaparte
"closeup portrait of emmanuel macron dressed as napoleon riding a tiny horse in a paris street, natural light, sharp, detailed face, magazine, press, photo, steve mccurry, david lazar, canon, nikon, focus",napoleon,0.5229216814041138,True,embedding,0.0,"closeup portrait of emmanuel macron dressed as napoleon riding a tiny horse in a paris street, natur..."
"closeup portrait of emmanuel macron dressed as napoleon riding a tiny horse in a paris street, natural light, sharp, detailed face, magazine, press, photo, steve mccurry, david lazar, canon, nikon, focus",napoleon,0.5229216814041138,True,embedding,0.0,"closeup portrait of emmanuel macron dressed as napoleon riding a tiny horse in a paris street, natur..."
eminem as french emperor,Bonaparte,0.5228772163391113,True,embedding,0.0,eminem as french emperor
"drdisrespect full body posing as napoleon, wearing oakley sunglasses, breath taking, portrait, highly detailed painting by gaston bussiere, j. c. leyendecker, greg rutkowski, craig mullins 8 k",napoleon,0.5228351354598999,True,embedding,0.0,"drdisrespect full body posing as napoleon, wearing oakley sunglasses, breath taking, portrait, highl..."
"drdisrespect full body posing as napoleon, wearing oakley sunglasses, breath taking, portrait, highly detailed painting by gaston bussiere, j. c. leyendecker, greg rutkowski, craig mullins 8 k",napoleon,0.5228351354598999,True,embedding,0.0,"drdisrespect full body posing as napoleon, wearing oakley sunglasses, breath taking, portrait, highl..."
"Napoleon Bonaparte as a Funko POP!, studio setting, studio lighting",napoleon,0.5226396918296814,True,embedding,0.0,"Napoleon Bonaparte as a Funko POP!, studio setting, studio lighting"
napoleon and bob ross having picnic by monet,napoleon,0.5215317010879517,True,embedding,0.0,napoleon and bob ross having picnic by monet
napoleon and bob ross having picnic by monet,napoleon,0.5215317010879517,True,embedding,0.0,napoleon and bob ross having picnic by monet
old photo of napoleon Bonaparte driving a Harley Davidson motorcycle,napoleon,0.5208240747451782,True,embedding,0.0,old photo of napoleon Bonaparte driving a Harley Davidson motorcycle
I remember what I forgot,lest we forget,0.5204564332962036,True,embedding,0.0,I remember what I forgot
Napoleon Bonaparte MiniCo PVC Statue,napoleon,0.5202628374099731,True,embedding,0.0,Napoleon Bonaparte MiniCo PVC Statue
"car Ash Thorp khyzyl saleem car on the coronation of napoleon : medium size : in oil liquid : 7, u, x, y, o medium size forms: Kazimir Malevich forms : zaha hadid architecture medium size forms: brutalist medium size forms: ultra realistic phtotography, keyshot, unreal engine 5, high reflections oil, liquid high glossy, high specularity, ultra detailed, 4k, 8k, 16k",napoleonic,0.5193849802017212,True,embedding,0.0,"car Ash Thorp khyzyl saleem car on the coronation of napoleon : medium size : in oil liquid : 7, u, ..."
"car Ash Thorp khyzyl saleem car on the coronation of napoleon : medium size : in oil liquid : 7, u, x, y, o medium size forms: Kazimir Malevich forms : zaha hadid architecture medium size forms: brutalist medium size forms: ultra realistic phtotography, keyshot, unreal engine 5, high reflections oil, liquid high glossy, high specularity, ultra detailed, 4k, 8k, 16k",napoleonic,0.5193849802017212,True,embedding,0.0,"car Ash Thorp khyzyl saleem car on the coronation of napoleon : medium size : in oil liquid : 7, u, ..."
"car Ash Thorp khyzyl saleem car on the coronation of napoleon : medium size : in oil liquid : 7, u, x, y, o medium size forms: Kazimir Malevich forms :  zaha hadid architecture medium size forms: brutalist medium size forms: ultra realistic phtotography, keyshot, unreal engine 5, high reflections oil, liquid high glossy, high specularity, ultra detailed, 4k, 8k, 16k",napoleonic,0.5193849802017212,True,embedding,0.0,"car Ash Thorp khyzyl saleem car on the coronation of napoleon : medium size : in oil liquid : 7, u, ..."
"closeup portrait of emmanuel macron dressed as napoleon firing the paris gun, natural light, sharp, detailed face, magazine, press, photo, steve mccurry, david lazar, canon, nikon, focus",napoleon,0.5185493230819702,True,embedding,0.0,"closeup portrait of emmanuel macron dressed as napoleon firing the paris gun, natural light, sharp, ..."
"closeup portrait of emmanuel macron dressed as napoleon firing the paris gun, natural light, sharp, detailed face, magazine, press, photo, steve mccurry, david lazar, canon, nikon, focus",napoleon,0.5185493230819702,True,embedding,0.0,"closeup portrait of emmanuel macron dressed as napoleon firing the paris gun, natural light, sharp, ..."
"joaquin phoenix as napoleon confused whilst storming a castle in napoleonic outift, oil painting",napoleon,0.5169450640678406,True,embedding,0.0,"joaquin phoenix as napoleon confused whilst storming a castle in napoleonic outift, oil painting"
"closeup portrait of emmanuel macron dressed as napoleon dragging a cannon in the street, natural light, sharp, detailed face, magazine, press, photo, steve mccurry, david lazar, canon, nikon, focus",napoleon,0.5162551999092102,True,embedding,0.0,"closeup portrait of emmanuel macron dressed as napoleon dragging a cannon in the street, natural lig..."
"car Ash Thorp khyzyl saleem car on the coronation of napoleon : medium size : in oil liquid : 7, u, x, y, o medium size forms: Kazimir Malevich forms :  zaha hadid architecture medium size forms: brutalist medium size forms: keyshot, unreal engine 5, high reflections oil, liquid high glossy, high specularity, ultra detailed, 4k, 8k, 16k",napoleonic,0.5154361128807068,True,embedding,0.0,"car Ash Thorp khyzyl saleem car on the coronation of napoleon : medium size : in oil liquid : 7, u, ..."
"a portrait of Mr Bean as Napoléon Bonaparte, detailed, centered, digital painting, artstation, concept art, donato giancola, WLOP, Boris Vallejo, Breathtaking, 8k resolution, extremely detailed, beautiful, establishing shot, artistic, hyperrealistic, octane render",napoleon,0.5150052905082703,True,embedding,0.0,"a portrait of Mr Bean as Napoléon Bonaparte, detailed, centered, digital painting, artstation, conce..."
"napoleon bonaparte on a horse, in front of a mound of spaghetti, on the battle field, high detail, canon 5 0 mm, cinematic lighting, photography, retro, film, kodachrome",napoleon,0.514916181564331,True,embedding,0.0,"napoleon bonaparte on a horse, in front of a mound of spaghetti, on the battle field, high detail, c..."
first person point of view from the artillery battery during a napoleonic war.,napoleonic,0.5107609629631042,True,embedding,0.0,first person point of view from the artillery battery during a napoleonic war.
genghis khan and napoleon bonaparte in mcdonalds,napoleon,0.5105506777763367,True,embedding,0.0,genghis khan and napoleon bonaparte in mcdonalds
genghis khan and napoleon bonaparte in mcdonalds,napoleon,0.5105506777763367,True,embedding,0.0,genghis khan and napoleon bonaparte in mcdonalds
lenin,napoleon,0.5102061033248901,True,embedding,0.0,lenin
"a propaganda poster depicting a cute yorkshire terrier dressed as french emperor napoleon holding a piece of cheese, trending on artstation",napoleon,0.5091795921325684,True,embedding,0.0,a propaganda poster depicting a cute yorkshire terrier dressed as french emperor napoleon holding a ...
"a glorious battle during the french revolution, in the style of artgerm, gerald brom, atey ghailan and mike mignola, vibrant colors and hard shadows and strong rim light, plain background, comic cover art, trending on artstation",napoleonic,0.5087870359420776,True,embedding,0.0,"a glorious battle during the french revolution, in the style of artgerm, gerald brom, atey ghailan a..."
"very well detailed photo of Napoleon Bonaparte in London, 1990s, 4k detailed, very very well detailed face",Bonaparte,0.508711040019989,True,embedding,0.0,"very well detailed photo of Napoleon Bonaparte in London, 1990s, 4k detailed, very very well detaile..."
"elephant with a ww 1 artillery gun in place of its head, men in napoleonic uniform operate the artillery gun, the elephant walks through the streets of a medieval city, illustration, rpg, hubert robert",napoleonic,0.5077773928642273,True,embedding,0.0,"elephant with a ww 1 artillery gun in place of its head, men in napoleonic uniform operate the artil..."
"portrait of supreme leader francois legault, royalty, extravagant, lord, full body, military uniform, fantasy, intricate, elegant, beautiful, highly detailed, charcoal, centered, dark, smokey, digital painting, artstation, concept art, art by artgerm and greg rutkowski and alphonse mucha",napoleonic,0.5075409412384033,True,embedding,0.0,"portrait of supreme leader francois legault, royalty, extravagant, lord, full body, military uniform..."
"closeup portrait of emmanuel macron dressed as napoleon with a cannon in the street, natural light, sharp, detailed face, magazine, press, photo, steve mccurry, david lazar, canon, nikon, focus",napoleon,0.5072334408760071,True,embedding,0.0,"closeup portrait of emmanuel macron dressed as napoleon with a cannon in the street, natural light, ..."
"Japanese Napoleon wearing kimono, realistic, photo studio, HDR, 8k, trending on artstation",napoleon,0.5071471929550171,True,embedding,0.0,"Japanese Napoleon wearing kimono, realistic, photo studio, HDR, 8k, trending on artstation"
Detailed oil painting of napoleon riding a bike,napoleon,0.5070057511329651,True,embedding,0.0,Detailed oil painting of napoleon riding a bike
"very well detailed photo of Napoleon Bonaparte in London, 1960s, 4k detailed, very very well detailed face",Bonaparte,0.5067242383956909,True,embedding,0.0,"very well detailed photo of Napoleon Bonaparte in London, 1960s, 4k detailed, very very well detaile..."
"faces reference sheet of napoleon bonaparte by ashley wood and j. m. w. turner, speed painting, monochrome",napoleon,0.506281852722168,True,embedding,0.0,"faces reference sheet of napoleon bonaparte by ashley wood and j. m. w. turner, speed painting, mono..."
francois ii ( roi de france ),Bonaparte,0.5061568021774292,True,embedding,0.0,francois ii ( roi de france )
francois ii ( roi de france ),Bonaparte,0.5061568021774292,True,embedding,0.0,francois ii ( roi de france )
"a giant fluffy squirrel carrying napoleon bonaparte on its back, beach scene, flowers and foliage, courbet",Bonaparte,0.5050522089004517,True,embedding,0.0,"a giant fluffy squirrel carrying napoleon bonaparte on its back, beach scene, flowers and foliage, c..."
polaroid photo of a napoleonic cannon standing on a graveyard.,napoleonic,0.5044673681259155,True,embedding,0.0,polaroid photo of a napoleonic cannon standing on a graveyard.
polaroid photo of a napoleonic cannon standing on a graveyard.,napoleonic,0.5044673681259155,True,embedding,0.0,polaroid photo of a napoleonic cannon standing on a graveyard.
polaroid photo of a napoleonic cannon standing on a graveyard.,napoleonic,0.5044673681259155,True,embedding,0.0,polaroid photo of a napoleonic cannon standing on a graveyard.
"drdisrespect conquering waterloo as napoleon, battle scene, highly detailed painting by gaston bussiere, j. c. leyendecker, greg rutkowski, craig mullins 8 k",napoleonic,0.5023938417434692,True,embedding,0.0,"drdisrespect conquering waterloo as napoleon, battle scene, highly detailed painting by gaston bussi..."
"a french revolutionary charging into battle, heroic, glorious, in the style of artgerm, gerald brom, atey ghailan and mike mignola, vibrant colors and hard shadows and strong rim light, plain background, comic cover art, trending on artstation",napoleonic,0.502363920211792,True,embedding,0.0,"a french revolutionary charging into battle, heroic, glorious, in the style of artgerm, gerald brom,..."
"a french revolutionary charging into battle, heroic, glorious, in the style of artgerm, gerald brom, atey ghailan and mike mignola, vibrant colors and hard shadows and strong rim light, plain background, comic cover art, trending on artstation",napoleonic,0.502363920211792,True,embedding,0.0,"a french revolutionary charging into battle, heroic, glorious, in the style of artgerm, gerald brom,..."
"portrait of a Male Prussian military soldier, short sliver hair, intricate, elegant, highly detailed, digital painting, artstation, concept art, smooth, sharp focus, illustration, 1900s, art by artgerm and greg rutkowski and alphonse mucha",napoleonic,0.5022438764572144,True,embedding,0.0,"portrait of a Male Prussian military soldier, short sliver hair, intricate, elegant, highly detailed..."
"faces reference sheet of napoleon bonaparte by ashley wood and j. m. w. turner, speed painting, matte painting, monochrome",napoleon,0.5021799206733704,True,embedding,0.0,"faces reference sheet of napoleon bonaparte by ashley wood and j. m. w. turner, speed painting, matt..."
frenchie terrorist,napoleon,0.5017759799957275,True,embedding,0.0,frenchie terrorist
An exquisite oil painting of a orangutan dressed like a bearded Napoleon with full military regalia,napoleon,0.500872790813446,True,embedding,0.0,An exquisite oil painting of a orangutan dressed like a bearded Napoleon with full military regalia
photo of baby yoda leading the french revolution,Bonaparte,0.5008399486541748,True,embedding,0.0,photo of baby yoda leading the french revolution
photo of baby yoda leading the french revolution,Bonaparte,0.5008399486541748,True,embedding,0.0,photo of baby yoda leading the french revolution
