modifier,count,percentage
artstation,10533,21.15357580382785
highly detailed,6164,12.379250095394935
trending,5438,10.92121382523648
greg rutkowski,5271,10.5858253168116
concept art,4621,9.28042094270279
sharp focus,4617,9.272387685015966
art,3714,7.458879762215573
intricate,3609,7.248006747936457
portrait,3490,7.0090173317534585
digital painting,3486,7.000984074066636
illustration,3450,6.928684754885225
artgerm,3382,6.792119374209227
style,3242,6.510955355170406
octane render,3066,6.157492016950174
8 k,2957,5.938585744984234
smooth,2802,5.627297009619826
alphonse mucha,2627,5.2758419858213
elegant,2571,5.163376378205772
detailed,2381,4.781796638081659
cinematic,2143,4.303817805715663
digital art,1996,4.008595585724901
8k,1828,3.671198762878316
wlop,1762,3.538650011045729
cinematic lighting,1653,3.3197437390797906
4 k,1625,3.2635109352720266
fantasy,1552,3.1169039824874982
unreal engine,1403,2.8176651336533247
photorealistic,1357,2.725282670254855
masterpiece,1314,2.638925150121503
realistic,1213,2.436085393529211
4k,1128,2.2653786676842125
beautiful,1118,2.245295523467154
ilya kuvshinov,1111,2.231237322515213
hd,1032,2.0725804832004497
volumetric lighting,992,1.9922479063322154
makoto shinkai,983,1.9741730765368626
cgsociety,968,1.9440483602112746
painting,968,1.9440483602112746
photo,950,1.907898700620569
dramatic lighting,937,1.881790613138393
field,897,1.8014580362701582
high detail,887,1.7813748920530998
hyperrealistic,849,1.705058944028277
background,800,1.60665153736469
hyper detailed,750,1.5062358162793967
close,742,1.49016930090575
award winning,739,1.4841443576406324
ultra realistic,678,1.3616371779165746
oil painting,675,1.3556122346514572
unreal engine 5,670,1.3455706625429278
james jean,668,1.341554033699516
high quality,665,1.3355290904343984
ultra detailed,647,1.2993794308436928
hyper realistic,641,1.2873295443134578
matte painting,632,1.269254714518105
body,623,1.2511798847227522
lois van baarle,620,1.2451549414576346
deviantart,619,1.2431466270359288
face,607,1.2190468539754584
rossdraws,607,1.2190468539754584
rhads,583,1.1708473078545178
canvas,579,1.1628140501676942
d d,571,1.1467475347940472
depth,566,1.136705962685518
night,562,1.1286727049986947
tom bagshaw,559,1.122647761733577
black,549,1.1025646175165185
craig mullins,539,1.0824814732994597
film,533,1.0704315867692245
dynamic lighting,531,1.0664149579258129
hyper realism,522,1.04834012813046
beeple,519,1.0423151848653425
intricate details,513,1.0302652983351073
head,495,0.9941156387444018
matte,493,0.9900990099009901
epic,487,0.9780491233707549
painted,487,0.9780491233707549
ruan jia,478,0.9599742935754021
moebius,478,0.9599742935754021
extremely detailed,477,0.9579659791536963
dark,475,0.9539493503102845
oil,465,0.933866206093226
peter mohrbacher,455,0.9137830618761673
colorful,444,0.8916916032374029
fantasy art,439,0.8816500311288735
global illumination,436,0.8756250878637559
octane,433,0.8696001445986383
wearing,425,0.8535336292249914
movie,422,0.8475086859598739
centered,420,0.8434920571164621
hdr,416,0.8354587994296386
man,414,0.831442170586227
flowers,410,0.8234089128994035
hyperdetailed,409,0.8214005984776976
ross tran,407,0.8173839696342858
studio ghibli,392,0.7872592533086981
krenz cushart,392,0.7872592533086981
symmetrical,389,0.7812343100435803
high resolution,389,0.7812343100435803
featured,387,0.7772176812001687
forest,386,0.7752093667784629
karol bak,386,0.7752093667784629
sky,384,0.7711927379350512
water,383,0.7691844235133453
photograph,381,0.7651677946699336
donato giancola,380,0.7631594802482277
white,379,0.7611511658265218
loish,375,0.7531179081396984
high contrast,372,0.7470929648745808
art nouveau,368,0.7390597071877573
sharp,367,0.7370513927660515
ayami kojima,361,0.7250015062358163
studio lighting,358,0.7189765629706987
view,355,0.7129516197055811
detailed face,354,0.7109433052838753
intricate environment,353,0.7089349908621694
jesper ejsing,351,0.7049183620187577
charlie bowater,345,0.6928684754885225
gaston bussiere,335,0.6727853312714639
intricate detail,332,0.6667603880063463
sci fi,331,0.6647520735846404
hyperrealism,330,0.6627437591629345
cyberpunk,330,0.6627437591629345
bokeh,321,0.6446689293675818
photography,318,0.6386439861024642
vibrant colors,317,0.6366356716807583
middle,316,0.6346273572590525
art station,315,0.6326190428373466
radiant light,314,0.6306107284156408
girl,313,0.6286024139939349
gothic,313,0.6286024139939349
beksinski,312,0.626594099572229
space,311,0.6245857851505231
simon stalenhag,311,0.6245857851505231
epic composition,310,0.6225774707288173
norman rockwell,310,0.6225774707288173
mark brooks,310,0.6225774707288173
woman,308,0.6185608418854056
sunset,306,0.6145442130419939
golden ratio,300,0.6024943265117587
edward hopper,298,0.5984776976683469
shot,296,0.5944610688249352
golden hour,290,0.5824111822947
james gurney,289,0.5804028678729942
tooth wu,288,0.5783945534512883
greg hildebrandt,288,0.5783945534512883
dramatic,287,0.5763862390295825
vibrant,286,0.5743779246078766
anime,285,0.5723696101861708
dan mumford,284,0.5703612957644649
body portrait,281,0.5643363524993473
james gilleard,280,0.5623280380776414
frank frazetta,280,0.5623280380776414
atmospheric,277,0.5563030948125238
wide angle,276,0.554294780390818
stunning,275,0.5522864659691121
ray tracing,275,0.5522864659691121
rendered,274,0.5502781515474062
highly detailed portrait,274,0.5502781515474062
fire,270,0.5422448938605828
artwork,266,0.5342116361737594
amano,258,0.5181451208001124
pixiv,255,0.5121201775349948
wayne barlowe,254,0.5101118631132889
moon,254,0.5101118631132889
rule,252,0.5060952342698772
ornate,251,0.5040869198481714
medium shot,250,0.5020786054264655
camera,250,0.5020786054264655
8k resolution,249,0.5000702910047597
behance,249,0.5000702910047597
beach,247,0.496053662161348
red,246,0.4940453477396421
marc simonetti,245,0.4920370333179363
photo realistic,245,0.4920370333179363
stanley artgerm lau,244,0.4900287188962304
magic,240,0.48199546120940695
city,239,0.47998714678770105
clouds,233,0.4679372602574659
thirds,232,0.46592894583576006
horror,231,0.46392063141405415
photorealism,230,0.46191231699234836
eyes,227,0.4558873737272307
jean delville,223,0.44785411604040726
8 k resolution,220,0.44182917277528977
akihiko yoshida,219,0.43982085835358387
boris vallejo,214,0.4297792862450545
light,210,0.42174602855823107
unreal 5,208,0.4177293997148193
michael whelan,208,0.4177293997148193
neo gothic,207,0.4157210852931135
thomas kinkade,207,0.4157210852931135
inspired,206,0.4137127708714076
holding,206,0.4137127708714076
cute,205,0.41170445644970177
details,204,0.40969614202799587
white background,204,0.40969614202799587
futuristic,204,0.40969614202799587
victo ngai,201,0.4036711987628784
sachin teng,200,0.4016628843411725
insanely detailed,200,0.4016628843411725
gil elvgren,199,0.3996545699194666
yoshitaka amano,197,0.3956379410760548
world,197,0.3956379410760548
rembrandt,196,0.39362962665434903
magali villeneuve,195,0.3916213122326431
behance hd,194,0.3896129978109373
inside,193,0.38760468338923143
looking,191,0.38358805454581973
body shot,191,0.38358805454581973
cinematic composition,190,0.38157974012411383
focus,190,0.38157974012411383
3d,190,0.38157974012411383
mark ryden,188,0.3775631112807021
trees,187,0.37555479685899623
vivid colors,186,0.3735464824372904
beautiful face,185,0.3715381680155845
soft lighting,185,0.3715381680155845
andrei riabovitchev,184,0.36952985359387863
high details,184,0.36952985359387863
volumetric light,184,0.36952985359387863
stephen bliss,183,0.3675215391721728
3 d render,182,0.36551322475046694
shallow depth,181,0.3635049103287611
artstation hq,180,0.3614965959070552
stars,179,0.35948828148534934
art style,179,0.35948828148534934
artstation trending,178,0.3574799670636435
coherent,178,0.3574799670636435
h r giger,178,0.3574799670636435
establishing shot,178,0.3574799670636435
dramatic light,178,0.3574799670636435
sitting,178,0.3574799670636435
sunny day,178,0.3574799670636435
daz,177,0.35547165264193764
standing,177,0.35547165264193764
gold,175,0.3514550237985259
symmetry,175,0.3514550237985259
pixar,173,0.3474383949551142
j c leyendecker,172,0.34543008053340835
caravaggio,172,0.34543008053340835
rain,170,0.3414134516899966
smoke,170,0.3414134516899966
frame,169,0.3394051372682907
blue eyes,166,0.33338019400317315
ambient lighting,166,0.33338019400317315
digital illustration,165,0.33137187958146724
studio quality,164,0.3293635651597614
desert,163,0.32735525073805555
surrounded,163,0.32735525073805555
surreal,163,0.32735525073805555
jeremy mann,163,0.32735525073805555
furaffinity,162,0.3253469363163497
epic lighting,162,0.3253469363163497
blue,161,0.3233386218946438
rpg portrait,160,0.32133030747293795
atmospheric lighting,160,0.32133030747293795
people,159,0.3193219930512321
hard edges,159,0.3193219930512321
distance,159,0.3193219930512321
rossdraws global illumination,158,0.31731367862952625
poster,158,0.31731367862952625
annie leibovitz,158,0.31731367862952625
beautiful woman,157,0.3153053642078204
hair,157,0.3153053642078204
gustave dore,156,0.3132970497861145
blender,154,0.3092804209427028
francis bacon,154,0.3092804209427028
color,154,0.3092804209427028
symmetrical face,154,0.3092804209427028
high definition,154,0.3092804209427028
character design,153,0.30727210652099696
fog,153,0.30727210652099696
scifi,153,0.30727210652099696
giger,152,0.3052637920992911
ernst haeckel,151,0.3032554776775852
vector art,151,0.3032554776775852
life,151,0.3032554776775852
atey ghailan,151,0.3032554776775852
vivid,151,0.3032554776775852
crown,148,0.2972305344124676
surrealism,148,0.2972305344124676
post processing,147,0.29522221999076176
beautiful lighting,147,0.29522221999076176
3 d,147,0.29522221999076176
zdzislaw beksinski,147,0.29522221999076176
gorgeous,147,0.29522221999076176
brom,145,0.29120559114735
sea,145,0.29120559114735
wide shot,145,0.29120559114735
bright colors,145,0.29120559114735
award winning photo,144,0.28919727672564416
ferdinand knab,142,0.28518064788223246
beautiful painting,142,0.28518064788223246
hayao miyazaki,142,0.28518064788223246
rim light,141,0.28317233346052656
mandy jurgens,141,0.28317233346052656
closeup,141,0.28317233346052656
perfect face,140,0.2811640190388207
goddess,140,0.2811640190388207
psychedelic,140,0.2811640190388207
organic painting,140,0.2811640190388207
joseph christian leyendecker,139,0.27915570461711486
scene,139,0.27915570461711486
kim jung gi,139,0.27915570461711486
dark fantasy,138,0.277147390195409
god,138,0.277147390195409
landscape,138,0.277147390195409
mountains,138,0.277147390195409
headshot,137,0.2751390757737031
low angle,137,0.2751390757737031
soft light,137,0.2751390757737031
aesthetic,137,0.2751390757737031
artem demura,137,0.2751390757737031
syd mead,136,0.27313076135199726
ocean,136,0.27313076135199726
impressionist painting,135,0.2711224469302914
hearthstone,135,0.2711224469302914
asymmetrical,135,0.2711224469302914
pinterest,134,0.26911413250858557
cat,134,0.26911413250858557
river,133,0.2671058180868797
joe biden,133,0.2671058180868797
tomasz alen kopera,133,0.2671058180868797
yoji shinkawa,133,0.2671058180868797
window,132,0.2650975036651738
ethereal,132,0.2650975036651738
35 mm,131,0.26308918924346797
lake,131,0.26308918924346797
huang guangjian,131,0.26308918924346797
realism,130,0.2610808748217621
klimt,130,0.2610808748217621
mucha,130,0.2610808748217621
fine details,129,0.2590725604000562
screenshot,129,0.2590725604000562
greg tocchini,129,0.2590725604000562
salvador dali,129,0.2590725604000562
suit,128,0.25706424597835037
octane rendered,128,0.25706424597835037
moody,128,0.25706424597835037
william adolphe bouguereau,127,0.25505593155664447
cosplay,126,0.2530476171349386
eerie,126,0.2530476171349386
3d render,125,0.25103930271323277
lighting,125,0.25103930271323277
lot,125,0.25103930271323277
deep focus,125,0.25103930271323277
earth,124,0.24903098829152692
sakimichan,124,0.24903098829152692
shadows,124,0.24903098829152692
natural light,124,0.24903098829152692
realistic detailed face portrait,124,0.24903098829152692
intricate artwork,124,0.24903098829152692
“,124,0.24903098829152692
coherent symmetrical artwork cinematic,124,0.24903098829152692
steve mccurry,123,0.24702267386982105
league,123,0.24702267386982105
bruce pennington,123,0.24702267386982105
sun,122,0.2450143594481152
wes anderson,122,0.2450143594481152
steampunk,122,0.2450143594481152
table,122,0.2450143594481152
render,121,0.24300604502640932
neon,120,0.24099773060470348
takato yamamoto,120,0.24099773060470348
street art,120,0.24099773060470348
emma watson,119,0.2389894161829976
hand,119,0.2389894161829976
artistic,119,0.2389894161829976
smooth render,119,0.2389894161829976
long hair,118,0.23698110176129175
mist,118,0.23698110176129175
final fantasy,118,0.23698110176129175
muscular,117,0.2349727873395859
hands,117,0.2349727873395859
cinematic shot,116,0.23296447291788003
super detailed,116,0.23296447291788003
katsuhiro otomo,115,0.23095615849617418
detailed painting,115,0.23095615849617418
surreal photography,115,0.23095615849617418
raytracing,115,0.23095615849617418
sung choi,115,0.23095615849617418
beautiful portrait,114,0.2289478440744683
profile picture,114,0.2289478440744683
gustav klimt,113,0.22693952965276246
4 k resolution,113,0.22693952965276246
black hair,113,0.22693952965276246
wind,113,0.22693952965276246
sunrise,112,0.22493121523105658
picture,112,0.22493121523105658
room,112,0.22493121523105658
alex grey,112,0.22493121523105658
center,111,0.22292290080935073
group,111,0.22292290080935073
michael garmash,111,0.22292290080935073
manga,110,0.22091458638764488
intricate linework,110,0.22091458638764488
shape,110,0.22091458638764488
drawn,110,0.22091458638764488
character portrait,109,0.21890627196593898
glass,109,0.21890627196593898
zdzisław beksinski,109,0.21890627196593898
lifelike,108,0.2168979575442331
muted colors,107,0.21488964312252726
death,107,0.21488964312252726
lord,107,0.21488964312252726
magical,107,0.21488964312252726
jordan grimmer,107,0.21488964312252726
lisa frank,107,0.21488964312252726
blur,106,0.21288132870082138
glowing lights,106,0.21288132870082138
chiaroscuro,106,0.21288132870082138
award winning photography,105,0.21087301427911553
dynamic pose,105,0.21087301427911553
god rays,105,0.21087301427911553
junji ito,105,0.21087301427911553
lots,105,0.21087301427911553
grass,105,0.21087301427911553
adrian ghenie,105,0.21087301427911553
tim hildebrandt,104,0.20886469985740966
end,104,0.20886469985740966
black background,104,0.20886469985740966
sense,104,0.20886469985740966
cinematic light,103,0.2068563854357038
ultra hd,103,0.2068563854357038
pale skin,103,0.2068563854357038
smiling,103,0.2068563854357038
watercolor,102,0.20484807101399793
star wars,102,0.20484807101399793
ice,102,0.20484807101399793
unreal engine 5 rendered,102,0.20484807101399793
ominous,102,0.20484807101399793
love,101,0.2028397565922921
4k resolution,101,0.2028397565922921
3 5 mm,101,0.2028397565922921
creepy,100,0.20083144217058624
artstationhd,100,0.20083144217058624
time,100,0.20083144217058624
taken,99,0.19882312774888036
raymond swanland,99,0.19882312774888036
roger dean,99,0.19882312774888036
nixeu,99,0.19882312774888036
air,99,0.19882312774888036
ink,98,0.19681481332717451
wires,98,0.19681481332717451
noah bradley,98,0.19681481332717451
baroque,98,0.19681481332717451
bold shapes,98,0.19681481332717451
hell,97,0.19480649890546864
war,97,0.19480649890546864
breathtaking,97,0.19480649890546864
high detailed,97,0.19480649890546864
realistic face,97,0.19480649890546864
andreas rocha,97,0.19480649890546864
elon musk,97,0.19480649890546864
sword,96,0.1927981844837628
real life,96,0.1927981844837628
dressed,96,0.1927981844837628
mars ravelo,96,0.1927981844837628
vincent van gogh,96,0.1927981844837628
extreme detail,96,0.1927981844837628
plants,96,0.1927981844837628
donald trump,96,0.1927981844837628
symbolist,96,0.1927981844837628
jeremy lipkin,96,0.1927981844837628
anime style,95,0.19078987006205692
mountain,95,0.19078987006205692
trending artstation,95,0.19078987006205692
nature,95,0.19078987006205692
irakli nadar,95,0.19078987006205692
grainy,95,0.19078987006205692
anime key visual,95,0.19078987006205692
alex ross,94,0.18878155564035104
subsurface scattering,94,0.18878155564035104
fenghua zhong,94,0.18878155564035104
zdzisław beksiński,94,0.18878155564035104
tree,94,0.18878155564035104
queen,93,0.1867732412186452
street,93,0.1867732412186452
film grain,93,0.1867732412186452
right,92,0.18476492679693932
selfie,92,0.18476492679693932
ilya repin,92,0.18476492679693932
skull,91,0.18275661237523347
edgar maxence,91,0.18275661237523347
blue sky,91,0.18275661237523347
perfect composition,91,0.18275661237523347
josan gonzales,91,0.18275661237523347
f 1 4,90,0.1807482979535276
female,90,0.1807482979535276
mouth,90,0.1807482979535276
robot,90,0.1807482979535276
simple,90,0.1807482979535276
ultra wide angle,90,0.1807482979535276
artstationhq,90,0.1807482979535276
ground,90,0.1807482979535276
walter white,90,0.1807482979535276
vray,90,0.1807482979535276
rob rey,90,0.1807482979535276
josan gonzalez,89,0.17873998353182174
